,title,description,published date,url,publisher
0,Tesla (TSLA) Stock: The Impact Of Twitter's New CEO - Nasdaq,Tesla (TSLA) Stock: The Impact Of Twitter's New CEO  Nasdaq,"Mon, 15 May 2023 07:00:00 GMT",https://news.google.com/rss/articles/CBMiT2h0dHBzOi8vd3d3Lm5hc2RhcS5jb20vYXJ0aWNsZXMvdGVzbGEtdHNsYS1zdG9jay10aGUtaW1wYWN0LW9mLXR3aXR0ZXJzLW5ldy1jZW_SAQA?oc=5&hl=en-MY&gl=MY&ceid=MY:en,"{'href': 'https://www.nasdaq.com', 'title': 'Nasdaq'}"
1,ARK's Expected Value For Tesla In 2026: $4600 per Share - ARK Invest,ARK's Expected Value For Tesla In 2026: $4600 per Share  ARK Invest,"Thu, 14 Apr 2022 07:00:00 GMT",https://news.google.com/rss/articles/CBMiQWh0dHBzOi8vYXJrLWludmVzdC5jb20vYXJ0aWNsZXMvdmFsdWF0aW9uLW1vZGVscy9hcmtzLXRlc2xhLW1vZGVs0gEA?oc=5&hl=en-MY&gl=MY&ceid=MY:en,"{'href': 'https://ark-invest.com', 'title': 'ARK Invest'}"
2,Tesla Stock (TSLA) Beaten by S&P 500 After Joining in 2020 - Bloomberg,Tesla Stock (TSLA) Beaten by S&P 500 After Joining in 2020  Bloomberg,"Wed, 20 Dec 2023 08:00:00 GMT",https://news.google.com/rss/articles/CBMicWh0dHBzOi8vd3d3LmJsb29tYmVyZy5jb20vbmV3cy9hcnRpY2xlcy8yMDIzLTEyLTIwL3Rlc2xhLWlzLWdldHRpbmctdHJvdW5jZWQtYnktcy1wLTUwMC10aHJlZS15ZWFycy1hZnRlci1qb2luaW5n0gEA?oc=5&hl=en-MY&gl=MY&ceid=MY:en,"{'href': 'https://www.bloomberg.com', 'title': 'Bloomberg'}"
3,Tesla reports $18.76 billion in revenue and record margins in Q1 - CNBC,Tesla reports $18.76 billion in revenue and record margins in Q1  CNBC,"Wed, 20 Apr 2022 07:00:00 GMT",https://news.google.com/rss/articles/CBMiQGh0dHBzOi8vd3d3LmNuYmMuY29tLzIwMjIvMDQvMjAvdGVzbGEtdHNsYS1lYXJuaW5ncy1xMS0yMDIyLmh0bWzSAURodHRwczovL3d3dy5jbmJjLmNvbS9hbXAvMjAyMi8wNC8yMC90ZXNsYS10c2xhLWVhcm5pbmdzLXExLTIwMjIuaHRtbA?oc=5&hl=en-MY&gl=MY&ceid=MY:en,"{'href': 'https://www.cnbc.com', 'title': 'CNBC'}"
4,Tesla (TSLA) Q2 2023 Earnings Call Transcript - The Motley Fool,Tesla (TSLA) Q2 2023 Earnings Call Transcript  The Motley Fool,"Wed, 19 Jul 2023 07:00:00 GMT",https://news.google.com/rss/articles/CBMiZmh0dHBzOi8vd3d3LmZvb2wuY29tL2Vhcm5pbmdzL2NhbGwtdHJhbnNjcmlwdHMvMjAyMy8wNy8xOS90ZXNsYS10c2xhLXEyLTIwMjMtZWFybmluZ3MtY2FsbC10cmFuc2NyaXB0L9IBAA?oc=5&hl=en-MY&gl=MY&ceid=MY:en,"{'href': 'https://www.fool.com', 'title': 'The Motley Fool'}"
5,Tesla (TSLA) Stock Sinks As Market Gains: What You Should Know - Yahoo Finance,Tesla (TSLA) Stock Sinks As Market Gains: What You Should Know  Yahoo Finance,"Mon, 18 Dec 2023 08:00:00 GMT",https://news.google.com/rss/articles/CBMiS2h0dHBzOi8vZmluYW5jZS55YWhvby5jb20vbmV3cy90ZXNsYS10c2xhLXN0b2NrLXNpbmtzLW1hcmtldC0yMjQ1MjE0MzguaHRtbNIBAA?oc=5&hl=en-MY&gl=MY&ceid=MY:en,"{'href': 'https://finance.yahoo.com', 'title': 'Yahoo Finance'}"
6,Tesla (TSLA) Shareholders Approve 3-For-1 Stock Split - Investopedia,Tesla (TSLA) Shareholders Approve 3-For-1 Stock Split  Investopedia,"Thu, 04 Aug 2022 07:00:00 GMT",https://news.google.com/rss/articles/CBMiWGh0dHBzOi8vd3d3LmludmVzdG9wZWRpYS5jb20vdGVzbGEtdHNsYS1zaGFyZWhvbGRlcnMtYXBwcm92ZS0zLWZvci0xLXN0b2NrLXNwbGl0LTYzNjMzMzHSAQA?oc=5&hl=en-MY&gl=MY&ceid=MY:en,"{'href': 'https://www.investopedia.com', 'title': 'Investopedia'}"
7,Tesla (TSLA) China sales fall nearly 18% in November - StreetInsider.com,Tesla (TSLA) China sales fall nearly 18% in November  StreetInsider.com,"Mon, 04 Dec 2023 08:00:00 GMT",https://news.google.com/rss/articles/CBMiNWh0dHBzOi8vd3d3LnN0cmVldGluc2lkZXIuY29tL2RyL25ld3MucGhwP2lkPTIyNDg1Njg40gEA?oc=5&hl=en-MY&gl=MY&ceid=MY:en,"{'href': 'https://www.streetinsider.com', 'title': 'StreetInsider.com'}"
8,Tesla (TSLA) Stock Forecast and Price Prediction - USA TODAY,Tesla (TSLA) Stock Forecast and Price Prediction  USA TODAY,"Wed, 18 Oct 2023 07:00:00 GMT",https://news.google.com/rss/articles/CBMiSGh0dHBzOi8vd3d3LnVzYXRvZGF5LmNvbS9tb25leS9ibHVlcHJpbnQvaW52ZXN0aW5nL3N0b2NrLWZvcmVjYXN0LXRlc2xhL9IBAA?oc=5&hl=en-MY&gl=MY&ceid=MY:en,"{'href': 'https://www.usatoday.com', 'title': 'USA TODAY'}"
9,Tesla (TSLA) Stock: Reasons to Buy The Pullback - Nasdaq,Tesla (TSLA) Stock: Reasons to Buy The Pullback  Nasdaq,"Mon, 13 Nov 2023 08:00:00 GMT",https://news.google.com/rss/articles/CBMiTGh0dHBzOi8vd3d3Lm5hc2RhcS5jb20vYXJ0aWNsZXMvdGVzbGEtdHNsYS1zdG9jay1yZWFzb25zLXRvLWJ1eS10aGUtcHVsbGJhY2vSAQA?oc=5&hl=en-MY&gl=MY&ceid=MY:en,"{'href': 'https://www.nasdaq.com', 'title': 'Nasdaq'}"
10,Tesla CEO Elon Musk sounds pessimistic note about economy on earnings call - CNBC,Tesla CEO Elon Musk sounds pessimistic note about economy on earnings call  CNBC,"Wed, 18 Oct 2023 07:00:00 GMT",https://news.google.com/rss/articles/CBMiQGh0dHBzOi8vd3d3LmNuYmMuY29tLzIwMjMvMTAvMTgvdGVzbGEtdHNsYS1lYXJuaW5ncy1xMy0yMDIzLmh0bWzSAURodHRwczovL3d3dy5jbmJjLmNvbS9hbXAvMjAyMy8xMC8xOC90ZXNsYS10c2xhLWVhcm5pbmdzLXEzLTIwMjMuaHRtbA?oc=5&hl=en-MY&gl=MY&ceid=MY:en,"{'href': 'https://www.cnbc.com', 'title': 'CNBC'}"
11,ARK's Expected Value For Tesla In 2027: $2000 Per Share - ARK Invest,ARK's Expected Value For Tesla In 2027: $2000 Per Share  ARK Invest,"Thu, 20 Apr 2023 07:00:00 GMT",https://news.google.com/rss/articles/CBMiTWh0dHBzOi8vYXJrLWludmVzdC5jb20vYXJ0aWNsZXMvdmFsdWF0aW9uLW1vZGVscy9hcmtzLXRlc2xhLXByaWNlLXRhcmdldC0yMDI30gEA?oc=5&hl=en-MY&gl=MY&ceid=MY:en,"{'href': 'https://ark-invest.com', 'title': 'ARK Invest'}"
12,Unveiling Tesla (TSLA)'s Value: Is It Really Priced Right? A Comprehensive Guide - Yahoo Finance,Unveiling Tesla (TSLA)'s Value: Is It Really Priced Right? A Comprehensive Guide  Yahoo Finance,"Thu, 19 Oct 2023 07:00:00 GMT",https://news.google.com/rss/articles/CBMiT2h0dHBzOi8vZmluYW5jZS55YWhvby5jb20vbmV3cy91bnZlaWxpbmctdGVzbGEtdHNsYS12YWx1ZS1yZWFsbHktMTUzNDAzMDk4Lmh0bWzSAQA?oc=5&hl=en-MY&gl=MY&ceid=MY:en,"{'href': 'https://finance.yahoo.com', 'title': 'Yahoo Finance'}"
13,Tesla (TSLA) Stock Erases One-Fifth of Value as Demand Woes Intensify - Bloomberg,Tesla (TSLA) Stock Erases One-Fifth of Value as Demand Woes Intensify  Bloomberg,"Tue, 31 Oct 2023 07:00:00 GMT",https://news.google.com/rss/articles/CBMidmh0dHBzOi8vd3d3LmJsb29tYmVyZy5jb20vbmV3cy9hcnRpY2xlcy8yMDIzLTEwLTMxL3Rlc2xhLXRzbGEtZXJhc2VzLTE0NS1iaWxsaW9uLWluLXZhbHVhdGlvbi1hcy1kZW1hbmQtd29lcy1pbnRlbnNpZnnSAQA?oc=5&hl=en-MY&gl=MY&ceid=MY:en,"{'href': 'https://www.bloomberg.com', 'title': 'Bloomberg'}"
14,Why It's Time to Buy Tesla (TSLA) Stock - Nasdaq,Why It's Time to Buy Tesla (TSLA) Stock  Nasdaq,"Tue, 05 Sep 2023 07:00:00 GMT",https://news.google.com/rss/articles/CBMiRGh0dHBzOi8vd3d3Lm5hc2RhcS5jb20vYXJ0aWNsZXMvd2h5LWl0cy10aW1lLXRvLWJ1eS10ZXNsYS10c2xhLXN0b2Nr0gEA?oc=5&hl=en-MY&gl=MY&ceid=MY:en,"{'href': 'https://www.nasdaq.com', 'title': 'Nasdaq'}"
15,Tesla shares dip after hours as earnings call disappoints - CNBC,Tesla shares dip after hours as earnings call disappoints  CNBC,"Wed, 19 Jul 2023 07:00:00 GMT",https://news.google.com/rss/articles/CBMiQGh0dHBzOi8vd3d3LmNuYmMuY29tLzIwMjMvMDcvMTkvdGVzbGEtdHNsYS1lYXJuaW5ncy1xMi0yMDIzLmh0bWzSAURodHRwczovL3d3dy5jbmJjLmNvbS9hbXAvMjAyMy8wNy8xOS90ZXNsYS10c2xhLWVhcm5pbmdzLXEyLTIwMjMuaHRtbA?oc=5&hl=en-MY&gl=MY&ceid=MY:en,"{'href': 'https://www.cnbc.com', 'title': 'CNBC'}"
16,Tesla (TSLA) Stock: Where Will It Drive To Next? - Nasdaq,Tesla (TSLA) Stock: Where Will It Drive To Next?  Nasdaq,"Mon, 20 Mar 2023 07:00:00 GMT",https://news.google.com/rss/articles/CBMiTGh0dHBzOi8vd3d3Lm5hc2RhcS5jb20vYXJ0aWNsZXMvdGVzbGEtdHNsYS1zdG9jay13aGVyZS13aWxsLWl0LWRyaXZlLXRvLW5leHTSAQA?oc=5&hl=en-MY&gl=MY&ceid=MY:en,"{'href': 'https://www.nasdaq.com', 'title': 'Nasdaq'}"
17,"Tesla grows revenue 42%, but automotive margins decline - CNBC","Tesla grows revenue 42%, but automotive margins decline  CNBC","Wed, 20 Jul 2022 07:00:00 GMT",https://news.google.com/rss/articles/CBMiQWh0dHBzOi8vd3d3LmNuYmMuY29tLzIwMjIvMDcvMjAvdGVzbGEtdHNsYS1lYXJuaW5ncy1xMi0yMDIyLS5odG1s0gFFaHR0cHM6Ly93d3cuY25iYy5jb20vYW1wLzIwMjIvMDcvMjAvdGVzbGEtdHNsYS1lYXJuaW5ncy1xMi0yMDIyLS5odG1s?oc=5&hl=en-MY&gl=MY&ceid=MY:en,"{'href': 'https://www.cnbc.com', 'title': 'CNBC'}"
18,Tesla (TSLA) Stock: Assessing the Cybertruck's Impact - Nasdaq,Tesla (TSLA) Stock: Assessing the Cybertruck's Impact  Nasdaq,"Mon, 04 Dec 2023 08:00:00 GMT",https://news.google.com/rss/articles/CBMiUWh0dHBzOi8vd3d3Lm5hc2RhcS5jb20vYXJ0aWNsZXMvdGVzbGEtdHNsYS1zdG9jay1hc3Nlc3NpbmctdGhlLWN5YmVydHJ1Y2tzLWltcGFjdNIBAA?oc=5&hl=en-MY&gl=MY&ceid=MY:en,"{'href': 'https://www.nasdaq.com', 'title': 'Nasdaq'}"
19,Tesla net income drops more than 20% from last year - CNBC,Tesla net income drops more than 20% from last year  CNBC,"Wed, 19 Apr 2023 07:00:00 GMT",https://news.google.com/rss/articles/CBMiQGh0dHBzOi8vd3d3LmNuYmMuY29tLzIwMjMvMDQvMTkvdGVzbGEtdHNsYS1lYXJuaW5ncy1xMS0yMDIzLmh0bWzSAURodHRwczovL3d3dy5jbmJjLmNvbS9hbXAvMjAyMy8wNC8xOS90ZXNsYS10c2xhLWVhcm5pbmdzLXExLTIwMjMuaHRtbA?oc=5&hl=en-MY&gl=MY&ceid=MY:en,"{'href': 'https://www.cnbc.com', 'title': 'CNBC'}"
20,Is Tesla (NASDAQ:TSLA) A Risky Investment? - Yahoo Finance,Is Tesla (NASDAQ:TSLA) A Risky Investment?  Yahoo Finance,"Wed, 22 Nov 2023 08:00:00 GMT",https://news.google.com/rss/articles/CBMiUGh0dHBzOi8vZmluYW5jZS55YWhvby5jb20vbmV3cy90ZXNsYS1uYXNkYXEtdHNsYS1yaXNreS1pbnZlc3RtZW50LTEyMDAzODA1MS5odG1s0gEA?oc=5&hl=en-MY&gl=MY&ceid=MY:en,"{'href': 'https://finance.yahoo.com', 'title': 'Yahoo Finance'}"
21,Tesla (TSLA) Stock Dips While Market Gains: Key Facts - Yahoo Finance,Tesla (TSLA) Stock Dips While Market Gains: Key Facts  Yahoo Finance,"Thu, 30 Nov 2023 08:00:00 GMT",https://news.google.com/rss/articles/CBMiSWh0dHBzOi8vZmluYW5jZS55YWhvby5jb20vbmV3cy90ZXNsYS10c2xhLXN0b2NrLWRpcHMtd2hpbGUtMjI0NTE1MDg1Lmh0bWzSAQA?oc=5&hl=en-MY&gl=MY&ceid=MY:en,"{'href': 'https://finance.yahoo.com', 'title': 'Yahoo Finance'}"
22,Tesla Stock (NASDAQ:TSLA): There's a Silver Lining Despite Headwinds - Nasdaq,Tesla Stock (NASDAQ:TSLA): There's a Silver Lining Despite Headwinds  Nasdaq,"Mon, 23 Oct 2023 07:00:00 GMT",https://news.google.com/rss/articles/CBMiYWh0dHBzOi8vd3d3Lm5hc2RhcS5jb20vYXJ0aWNsZXMvdGVzbGEtc3RvY2stbmFzZGFxOnRzbGE6LXRoZXJlcy1hLXNpbHZlci1saW5pbmctZGVzcGl0ZS1oZWFkd2luZHPSAQA?oc=5&hl=en-MY&gl=MY&ceid=MY:en,"{'href': 'https://www.nasdaq.com', 'title': 'Nasdaq'}"
23,"Will Tesla (TSLA) Regain Its Highs? If so, When? - Nasdaq","Will Tesla (TSLA) Regain Its Highs? If so, When?  Nasdaq","Thu, 24 Aug 2023 07:00:00 GMT",https://news.google.com/rss/articles/CBMiS2h0dHBzOi8vd3d3Lm5hc2RhcS5jb20vYXJ0aWNsZXMvd2lsbC10ZXNsYS10c2xhLXJlZ2Fpbi1pdHMtaGlnaHMtaWYtc28td2hlbtIBAA?oc=5&hl=en-MY&gl=MY&ceid=MY:en,"{'href': 'https://www.nasdaq.com', 'title': 'Nasdaq'}"
24,TSLA Stock Alert: Why Jefferies Says Tesla Should Cancel the Cybertruck - InvestorPlace,TSLA Stock Alert: Why Jefferies Says Tesla Should Cancel the Cybertruck  InvestorPlace,"Mon, 20 Nov 2023 08:00:00 GMT",https://news.google.com/rss/articles/CBMiaWh0dHBzOi8vaW52ZXN0b3JwbGFjZS5jb20vMjAyMy8xMS90c2xhLXN0b2NrLWFsZXJ0LXdoeS1qZWZmZXJpZXMtc2F5cy10ZXNsYS1zaG91bGQtY2FuY2VsLXRoZS1jeWJlcnRydWNrL9IBAA?oc=5&hl=en-MY&gl=MY&ceid=MY:en,"{'href': 'https://investorplace.com', 'title': 'InvestorPlace'}"
25,Tesla (TSLA) Surge Shows Signs of Fatigue as Wall Street Sounds Alarm - Bloomberg,Tesla (TSLA) Surge Shows Signs of Fatigue as Wall Street Sounds Alarm  Bloomberg,"Thu, 22 Jun 2023 07:00:00 GMT",https://news.google.com/rss/articles/CBMidmh0dHBzOi8vd3d3LmJsb29tYmVyZy5jb20vbmV3cy9hcnRpY2xlcy8yMDIzLTA2LTIyL3Rlc2xhLXRzbGEtc3VyZ2Utc2hvd3Mtc2lnbnMtb2YtZmF0aWd1ZS1hcy13YWxsLXN0cmVldC1zb3VuZHMtYWxhcm3SAQA?oc=5&hl=en-MY&gl=MY&ceid=MY:en,"{'href': 'https://www.bloomberg.com', 'title': 'Bloomberg'}"
26,Tesla (TSLA) Q4 2022 Earnings Call Transcript - The Motley Fool,Tesla (TSLA) Q4 2022 Earnings Call Transcript  The Motley Fool,"Thu, 26 Jan 2023 08:00:00 GMT",https://news.google.com/rss/articles/CBMiZmh0dHBzOi8vd3d3LmZvb2wuY29tL2Vhcm5pbmdzL2NhbGwtdHJhbnNjcmlwdHMvMjAyMy8wMS8yNi90ZXNsYS10c2xhLXE0LTIwMjItZWFybmluZ3MtY2FsbC10cmFuc2NyaXB0L9IBAA?oc=5&hl=en-MY&gl=MY&ceid=MY:en,"{'href': 'https://www.fool.com', 'title': 'The Motley Fool'}"
27,"Tesla, Inc. (NASDAQ:TSLA) Q3 2023 Earnings Call Transcript October 18, 2023 - Yahoo Finance","Tesla, Inc. (NASDAQ:TSLA) Q3 2023 Earnings Call Transcript October 18, 2023  Yahoo Finance","Thu, 19 Oct 2023 07:00:00 GMT",https://news.google.com/rss/articles/CBMiRmh0dHBzOi8vZmluYW5jZS55YWhvby5jb20vbmV3cy90ZXNsYS1pbmMtbmFzZGFxLXRzbGEtcTMtMTMxNDE3Nzg5Lmh0bWzSAQA?oc=5&hl=en-MY&gl=MY&ceid=MY:en,"{'href': 'https://finance.yahoo.com', 'title': 'Yahoo Finance'}"
28,Tesla (TSLA) Stock: Highlights From Its Shareholder Meeting - Nasdaq,Tesla (TSLA) Stock: Highlights From Its Shareholder Meeting  Nasdaq,"Mon, 22 May 2023 07:00:00 GMT",https://news.google.com/rss/articles/CBMiWGh0dHBzOi8vd3d3Lm5hc2RhcS5jb20vYXJ0aWNsZXMvdGVzbGEtdHNsYS1zdG9jay1oaWdobGlnaHRzLWZyb20taXRzLXNoYXJlaG9sZGVyLW1lZXRpbmfSAQA?oc=5&hl=en-MY&gl=MY&ceid=MY:en,"{'href': 'https://www.nasdaq.com', 'title': 'Nasdaq'}"
29,Is it Still Safe to Keep Your Tesla (TSLA) Shares? - Yahoo Finance,Is it Still Safe to Keep Your Tesla (TSLA) Shares?  Yahoo Finance,"Thu, 07 Dec 2023 08:00:00 GMT",https://news.google.com/rss/articles/CBMiSGh0dHBzOi8vZmluYW5jZS55YWhvby5jb20vbmV3cy9zdGlsbC1zYWZlLWtlZXAtdGVzbGEtdHNsYS0wODU5MTUzNjAuaHRtbNIBAA?oc=5&hl=en-MY&gl=MY&ceid=MY:en,"{'href': 'https://finance.yahoo.com', 'title': 'Yahoo Finance'}"
30,Tesla Is Investors' Standout Bet in a Hazardous EV Landscape - Bloomberg,Tesla Is Investors' Standout Bet in a Hazardous EV Landscape  Bloomberg,"Wed, 13 Dec 2023 08:00:00 GMT",https://news.google.com/rss/articles/CBMiemh0dHBzOi8vd3d3LmJsb29tYmVyZy5jb20vbmV3cy9hcnRpY2xlcy8yMDIzLTEyLTEzL2JhdHRlcmVkLWV2LWxhbmRzY2FwZS1sZWFkcy1pbnZlc3RvcnMtdG8tYmV0LW9uLWluZHVzdHJ5LXN0YWx3YXJ0LXRlc2xh0gEA?oc=5&hl=en-MY&gl=MY&ceid=MY:en,"{'href': 'https://www.bloomberg.com', 'title': 'Bloomberg'}"
31,Tesla (TSLA) Recalls 2M Vehicles to Fix Autopilot Features - Yahoo Finance,Tesla (TSLA) Recalls 2M Vehicles to Fix Autopilot Features  Yahoo Finance,"Fri, 15 Dec 2023 08:00:00 GMT",https://news.google.com/rss/articles/CBMiTGh0dHBzOi8vZmluYW5jZS55YWhvby5jb20vbmV3cy90ZXNsYS10c2xhLXJlY2FsbHMtMm0tdmVoaWNsZXMtMTYyNDAwMzA4Lmh0bWzSAQA?oc=5&hl=en-MY&gl=MY&ceid=MY:en,"{'href': 'https://finance.yahoo.com', 'title': 'Yahoo Finance'}"
32,Tesla's Earnings Should Be Better in Q4 - Short TSLA Puts Now for Income - Nasdaq,Tesla's Earnings Should Be Better in Q4 - Short TSLA Puts Now for Income  Nasdaq,"Sun, 19 Nov 2023 08:00:00 GMT",https://news.google.com/rss/articles/CBMiZWh0dHBzOi8vd3d3Lm5hc2RhcS5jb20vYXJ0aWNsZXMvdGVzbGFzLWVhcm5pbmdzLXNob3VsZC1iZS1iZXR0ZXItaW4tcTQtc2hvcnQtdHNsYS1wdXRzLW5vdy1mb3ItaW5jb21l0gEA?oc=5&hl=en-MY&gl=MY&ceid=MY:en,"{'href': 'https://www.nasdaq.com', 'title': 'Nasdaq'}"
33,Tesla (TSLA) Fell Due to Softness in its Core Automotive Segment - Yahoo Finance,Tesla (TSLA) Fell Due to Softness in its Core Automotive Segment  Yahoo Finance,"Mon, 04 Dec 2023 08:00:00 GMT",https://news.google.com/rss/articles/CBMiSmh0dHBzOi8vZmluYW5jZS55YWhvby5jb20vbmV3cy90ZXNsYS10c2xhLWZlbGwtZHVlLXNvZnRuZXNzLTEyMDYzNjczMC5odG1s0gEA?oc=5&hl=en-MY&gl=MY&ceid=MY:en,"{'href': 'https://finance.yahoo.com', 'title': 'Yahoo Finance'}"
34,Should Investors Buy Tesla (TSLA) or Netflix (NFLX) Stock as Earnings Approach? - Yahoo Finance,Should Investors Buy Tesla (TSLA) or Netflix (NFLX) Stock as Earnings Approach?  Yahoo Finance,"Mon, 17 Jul 2023 07:00:00 GMT",https://news.google.com/rss/articles/CBMiTmh0dHBzOi8vZmluYW5jZS55YWhvby5jb20vbmV3cy9pbnZlc3RvcnMtYnV5LXRlc2xhLXRzbGEtbmV0ZmxpeC0wMDE1MDA0MzkuaHRtbNIBAA?oc=5&hl=en-MY&gl=MY&ceid=MY:en,"{'href': 'https://finance.yahoo.com', 'title': 'Yahoo Finance'}"
35,UAW push to organize Tesla (TSLA) and non-union auto sector - StreetInsider.com,UAW push to organize Tesla (TSLA) and non-union auto sector  StreetInsider.com,"Wed, 29 Nov 2023 08:00:00 GMT",https://news.google.com/rss/articles/CBMiemh0dHBzOi8vd3d3LnN0cmVldGluc2lkZXIuY29tL0NvcnBvcmF0ZStOZXdzL1VBVytwdXNoK3RvK29yZ2FuaXplK1Rlc2xhKyUyOFRTTEElMjkrYW5kK25vbi11bmlvbithdXRvK3NlY3Rvci8yMjQ3MDczNS5odG1s0gEA?oc=5&hl=en-MY&gl=MY&ceid=MY:en,"{'href': 'https://www.streetinsider.com', 'title': 'StreetInsider.com'}"
36,Tesla (TSLA) Share Price Set to Double From January Low - Bloomberg,Tesla (TSLA) Share Price Set to Double From January Low  Bloomberg,"Thu, 09 Feb 2023 08:00:00 GMT",https://news.google.com/rss/articles/CBMicmh0dHBzOi8vd3d3LmJsb29tYmVyZy5jb20vbmV3cy9hcnRpY2xlcy8yMDIzLTAyLTA5L3Rlc2xhLXNldC10by1kb3VibGUtZnJvbS1qYW51YXJ5LWxvdy1vbi10dXJib2NoYXJnZWQtdGVjaC1yYWxsedIBAA?oc=5&hl=en-MY&gl=MY&ceid=MY:en,"{'href': 'https://www.bloomberg.com', 'title': 'Bloomberg'}"
37,A type VII-secreted lipase toxin with reverse domain arrangement - Nature.com,A type VII-secreted lipase toxin with reverse domain arrangement  Nature.com,"Tue, 19 Dec 2023 08:00:00 GMT",https://news.google.com/rss/articles/CBMiMmh0dHBzOi8vd3d3Lm5hdHVyZS5jb20vYXJ0aWNsZXMvczQxNDY3LTAyMy00NDIyMS150gEA?oc=5&hl=en-MY&gl=MY&ceid=MY:en,"{'href': 'https://www.nature.com', 'title': 'Nature.com'}"
38,Expectations For Tesla [TSLA] Have Just Gotten Too Ridiculous - CleanTechnica,Expectations For Tesla [TSLA] Have Just Gotten Too Ridiculous  CleanTechnica,"Wed, 18 Oct 2023 07:00:00 GMT",https://news.google.com/rss/articles/CBMiXGh0dHBzOi8vY2xlYW50ZWNobmljYS5jb20vMjAyMy8xMC8xOC9leHBlY3RhdGlvbnMtZm9yLXRlc2xhLWhhdmUtanVzdC1nb3R0ZW4tdG9vLXJpZGljdWxvdXMv0gFgaHR0cHM6Ly9jbGVhbnRlY2huaWNhLmNvbS8yMDIzLzEwLzE4L2V4cGVjdGF0aW9ucy1mb3ItdGVzbGEtaGF2ZS1qdXN0LWdvdHRlbi10b28tcmlkaWN1bG91cy9hbXAv?oc=5&hl=en-MY&gl=MY&ceid=MY:en,"{'href': 'https://cleantechnica.com', 'title': 'CleanTechnica'}"
39,"EV Roundup: TSLA's Recall of 2M Vehicles, RIVN's Deal With AT&T & More - Yahoo Finance","EV Roundup: TSLA's Recall of 2M Vehicles, RIVN's Deal With AT&T & More  Yahoo Finance","Mon, 18 Dec 2023 08:00:00 GMT",https://news.google.com/rss/articles/CBMiSGh0dHBzOi8vZmluYW5jZS55YWhvby5jb20vbmV3cy9ldi1yb3VuZHVwLXRzbGFzLXJlY2FsbC0ybS0xMzU5MDA3OTcuaHRtbNIBAA?oc=5&hl=en-MY&gl=MY&ceid=MY:en,"{'href': 'https://finance.yahoo.com', 'title': 'Yahoo Finance'}"
40,"Tesla, Inc.'s (NASDAQ:TSLA) Stock Is Going Strong: Is the Market Following Fundamentals? - Yahoo Finance","Tesla, Inc.'s (NASDAQ:TSLA) Stock Is Going Strong: Is the Market Following Fundamentals?  Yahoo Finance","Fri, 01 Sep 2023 07:00:00 GMT",https://news.google.com/rss/articles/CBMiSWh0dHBzOi8vZmluYW5jZS55YWhvby5jb20vbmV3cy90ZXNsYS1pbmMtbmFzZGFxLXRzbGEtc3RvY2stMTIwMDI0ODk0Lmh0bWzSAQA?oc=5&hl=en-MY&gl=MY&ceid=MY:en,"{'href': 'https://finance.yahoo.com', 'title': 'Yahoo Finance'}"
41,"Tesla, Inc. (TSLA) Is a Trending Stock: Facts to Know Before Betting on It - Yahoo Finance","Tesla, Inc. (TSLA) Is a Trending Stock: Facts to Know Before Betting on It  Yahoo Finance","Tue, 14 Nov 2023 08:00:00 GMT",https://news.google.com/rss/articles/CBMiS2h0dHBzOi8vZmluYW5jZS55YWhvby5jb20vbmV3cy90ZXNsYS1pbmMtdHNsYS10cmVuZGluZy1zdG9jay0xNDAwMTA1MTMuaHRtbNIBAA?oc=5&hl=en-MY&gl=MY&ceid=MY:en,"{'href': 'https://finance.yahoo.com', 'title': 'Yahoo Finance'}"
42,Cathie Wood Dumps 170000 Tesla Shares This Week As TSLA Falls Harder Than The S&P 500 - Investor's Business Daily,Cathie Wood Dumps 170000 Tesla Shares This Week As TSLA Falls Harder Than The S&P 500  Investor's Business Daily,"Fri, 22 Sep 2023 07:00:00 GMT",https://news.google.com/rss/articles/CBMidGh0dHBzOi8vd3d3LmludmVzdG9ycy5jb20vbmV3cy9jYXRoaWUtd29vZC1kdW1wcy0xNzAwMDAtdGVzbGEtc2hhcmVzLXRoaXMtd2Vlay1hcy10c2xhLWZhbGxzLWhhcmRlci10aGFuLXRoZS1zcC01MDAv0gEA?oc=5&hl=en-MY&gl=MY&ceid=MY:en,"{'href': 'https://www.investors.com', 'title': ""Investor's Business Daily""}"
43,TSLQ vs. TSLH: A Look At Two New Tesla (TSLA) Single Stock ETFs - TheStreet,TSLQ vs. TSLH: A Look At Two New Tesla (TSLA) Single Stock ETFs  TheStreet,"Tue, 26 Jul 2022 07:00:00 GMT",https://news.google.com/rss/articles/CBMiZWh0dHBzOi8vd3d3LnRoZXN0cmVldC5jb20vZXRmZm9jdXMvdHJhZGUtaWRlYXMvdHNscS10c2xoLWxvb2stYXQtdHdvLW5ldy10ZXNsYS10c2xhLXNpbmdsZS1zdG9jay1ldGZz0gEA?oc=5&hl=en-MY&gl=MY&ceid=MY:en,"{'href': 'https://www.thestreet.com', 'title': 'TheStreet'}"
44,Optimus: Tesla [TSLA] Savior? Or Overhyped? - CleanTechnica,Optimus: Tesla [TSLA] Savior? Or Overhyped?  CleanTechnica,"Sun, 17 Dec 2023 08:00:00 GMT",https://news.google.com/rss/articles/CBMiTGh0dHBzOi8vY2xlYW50ZWNobmljYS5jb20vMjAyMy8xMi8xNy9vcHRpbXVzLXRlc2xhLXRzbGEtc2F2aW9yLW9yLW92ZXJoeXBlZC_SAVBodHRwczovL2NsZWFudGVjaG5pY2EuY29tLzIwMjMvMTIvMTcvb3B0aW11cy10ZXNsYS10c2xhLXNhdmlvci1vci1vdmVyaHlwZWQvYW1wLw?oc=5&hl=en-MY&gl=MY&ceid=MY:en,"{'href': 'https://cleantechnica.com', 'title': 'CleanTechnica'}"
45,Tesla Handed Third Downgrade In Three Days; Analyst Views Stock As A 'Must Own' - Investor's Business Daily,Tesla Handed Third Downgrade In Three Days; Analyst Views Stock As A 'Must Own'  Investor's Business Daily,"Fri, 23 Jun 2023 07:00:00 GMT",https://news.google.com/rss/articles/CBMiamh0dHBzOi8vd3d3LmludmVzdG9ycy5jb20vbmV3cy90ZXNsYS1zdG9jay1kb3duZ3JhZGVkLWZvci1zZWNvbmQtdGltZS1pbi10d28tZGF5cy1pcy10c2xhcy0xNDAtcnVuLWVuZGluZy_SAQA?oc=5&hl=en-MY&gl=MY&ceid=MY:en,"{'href': 'https://www.investors.com', 'title': ""Investor's Business Daily""}"
46,Is Tesla (TSLA) a Hidden Gem? A Deep Dive into its Valuation and Financial Health - Yahoo Finance,Is Tesla (TSLA) a Hidden Gem? A Deep Dive into its Valuation and Financial Health  Yahoo Finance,"Fri, 18 Aug 2023 07:00:00 GMT",https://news.google.com/rss/articles/CBMiSGh0dHBzOi8vZmluYW5jZS55YWhvby5jb20vbmV3cy90ZXNsYS10c2xhLWhpZGRlbi1nZW0tZGVlcC0xNjM1NTA1MTYuaHRtbNIBAA?oc=5&hl=en-MY&gl=MY&ceid=MY:en,"{'href': 'https://finance.yahoo.com', 'title': 'Yahoo Finance'}"
47,"Tesla, Inc. (NASDAQ:TSLA) is a favorite amongst institutional investors who own 44% - Yahoo Finance","Tesla, Inc. (NASDAQ:TSLA) is a favorite amongst institutional investors who own 44%  Yahoo Finance","Sun, 26 Nov 2023 08:00:00 GMT",https://news.google.com/rss/articles/CBMiTGh0dHBzOi8vZmluYW5jZS55YWhvby5jb20vbmV3cy90ZXNsYS1pbmMtbmFzZGFxLXRzbGEtZmF2b3JpdGUtMTEwMTAwNjQ2Lmh0bWzSAQA?oc=5&hl=en-MY&gl=MY&ceid=MY:en,"{'href': 'https://finance.yahoo.com', 'title': 'Yahoo Finance'}"
48,Cathie Wood Sells $30 Million In Tesla Stock As TSLA Flashes Aggressive Buy Signal - Investor's Business Daily,Cathie Wood Sells $30 Million In Tesla Stock As TSLA Flashes Aggressive Buy Signal  Investor's Business Daily,"Mon, 09 Oct 2023 07:00:00 GMT",https://news.google.com/rss/articles/CBMicWh0dHBzOi8vd3d3LmludmVzdG9ycy5jb20vbmV3cy9jYXRoaWUtd29vZC1zZWxscy0yNS1taWxsaW9uLWluLXRlc2xhLXN0b2NrLWFzLXRzbGEtZmxhc2hlcy1hZ2dyZXNzaXZlLWJ1eS1zaWduYWwv0gEA?oc=5&hl=en-MY&gl=MY&ceid=MY:en,"{'href': 'https://www.investors.com', 'title': ""Investor's Business Daily""}"
49,Tesla (TSLA) Exceeds Market Returns: Some Facts to Consider - Yahoo Finance,Tesla (TSLA) Exceeds Market Returns: Some Facts to Consider  Yahoo Finance,"Wed, 27 Dec 2023 08:00:00 GMT",https://news.google.com/rss/articles/CBMiT2h0dHBzOi8vZmluYW5jZS55YWhvby5jb20vbmV3cy90ZXNsYS10c2xhLWV4Y2VlZHMtbWFya2V0LXJldHVybnMtMjI0NTIxMzIxLmh0bWzSAQA?oc=5&hl=en-MY&gl=MY&ceid=MY:en,"{'href': 'https://finance.yahoo.com', 'title': 'Yahoo Finance'}"
50,Is Tesla Inc (TSLA) Significantly Undervalued? A Comprehensive Valuation Analysis - Yahoo Finance,Is Tesla Inc (TSLA) Significantly Undervalued? A Comprehensive Valuation Analysis  Yahoo Finance,"Mon, 21 Aug 2023 07:00:00 GMT",https://news.google.com/rss/articles/CBMiVmh0dHBzOi8vZmluYW5jZS55YWhvby5jb20vbmV3cy90ZXNsYS1pbmMtdHNsYS1zaWduaWZpY2FudGx5LXVuZGVydmFsdWVkLTE1MzQyNjk2Mi5odG1s0gEA?oc=5&hl=en-MY&gl=MY&ceid=MY:en,"{'href': 'https://finance.yahoo.com', 'title': 'Yahoo Finance'}"
51,Tesla Downgraded By Goldman Sachs; Cathie Wood Sells $7 Million In TSLA Shares - Investor's Business Daily,Tesla Downgraded By Goldman Sachs; Cathie Wood Sells $7 Million In TSLA Shares  Investor's Business Daily,"Mon, 26 Jun 2023 07:00:00 GMT",https://news.google.com/rss/articles/CBMiZ2h0dHBzOi8vd3d3LmludmVzdG9ycy5jb20vbmV3cy90ZXNsYS1zdG9jay1kb3duZ3JhZGVkLWFnYWluLWNhdGhpZS13b29kLXNlbGxzLTctbWlsbGlvbi1pbi10c2xhLXNoYXJlcy_SAQA?oc=5&hl=en-MY&gl=MY&ceid=MY:en,"{'href': 'https://www.investors.com', 'title': ""Investor's Business Daily""}"
52,Tesla (TSLA) Outpaces Stock Market Gains: What You Should Know - Yahoo Finance,Tesla (TSLA) Outpaces Stock Market Gains: What You Should Know  Yahoo Finance,"Tue, 06 Jun 2023 07:00:00 GMT",https://news.google.com/rss/articles/CBMiTmh0dHBzOi8vZmluYW5jZS55YWhvby5jb20vbmV3cy90ZXNsYS10c2xhLW91dHBhY2VzLXN0b2NrLW1hcmtldC0yMTQ1MjEzNzMuaHRtbNIBAA?oc=5&hl=en-MY&gl=MY&ceid=MY:en,"{'href': 'https://finance.yahoo.com', 'title': 'Yahoo Finance'}"
53,Cathie Wood Sells $27 Million Of TSLA To Buy The Dip On Coinbase - Investor's Business Daily,Cathie Wood Sells $27 Million Of TSLA To Buy The Dip On Coinbase  Investor's Business Daily,"Fri, 24 Mar 2023 07:00:00 GMT",https://news.google.com/rss/articles/CBMib2h0dHBzOi8vd3d3LmludmVzdG9ycy5jb20vbmV3cy90ZXNsYS1zdG9jay1jYXRoaWUtd29vZC1zZWxscy0yNy1taWxsaW9uLW9mLXRzbGEtYnV5cy10aGUtZGlwLW9uLWNvaW5iYXNlLWJsb2NrL9IBAA?oc=5&hl=en-MY&gl=MY&ceid=MY:en,"{'href': 'https://www.investors.com', 'title': ""Investor's Business Daily""}"
54,Tesla (TSLA) Up 8.5% Since Last Earnings Report: Can It Continue? - Yahoo Finance,Tesla (TSLA) Up 8.5% Since Last Earnings Report: Can It Continue?  Yahoo Finance,"Fri, 19 May 2023 07:00:00 GMT",https://news.google.com/rss/articles/CBMiQmh0dHBzOi8vZmluYW5jZS55YWhvby5jb20vbmV3cy90ZXNsYS10c2xhLTgtNS1zaW5jZS0xNTMwMDMzODMuaHRtbNIBAA?oc=5&hl=en-MY&gl=MY&ceid=MY:en,"{'href': 'https://finance.yahoo.com', 'title': 'Yahoo Finance'}"
55,Tesla Stock Hits 2023 Highs With $32000 Starting Price For Model 3 - Investor's Business Daily,Tesla Stock Hits 2023 Highs With $32000 Starting Price For Model 3  Investor's Business Daily,"Thu, 08 Jun 2023 07:00:00 GMT",https://news.google.com/rss/articles/CBMib2h0dHBzOi8vd3d3LmludmVzdG9ycy5jb20vbmV3cy90ZXNsYS1zdG9jay1pcy1ib29taW5nLWFzLXF1ZXN0aW9ucy1zd2lybC1hcm91bmQtbW9kZWwtMy10YXgtY3JlZGl0LWVsaWdpYmlsaXR5L9IBAA?oc=5&hl=en-MY&gl=MY&ceid=MY:en,"{'href': 'https://www.investors.com', 'title': ""Investor's Business Daily""}"
56,Tesla (TSLA) sees jump in China registrations - StreetInsider.com,Tesla (TSLA) sees jump in China registrations  StreetInsider.com,"Tue, 07 Nov 2023 08:00:00 GMT",https://news.google.com/rss/articles/CBMiNWh0dHBzOi8vd3d3LnN0cmVldGluc2lkZXIuY29tL2RyL25ld3MucGhwP2lkPTIyMzc0MTc00gEA?oc=5&hl=en-MY&gl=MY&ceid=MY:en,"{'href': 'https://www.streetinsider.com', 'title': 'StreetInsider.com'}"
57,Tesla Stock Price ($TSLA) Inspires Elon Musk Fans in South Korea - Bloomberg,Tesla Stock Price ($TSLA) Inspires Elon Musk Fans in South Korea  Bloomberg,"Tue, 23 Aug 2022 07:00:00 GMT",https://news.google.com/rss/articles/CBMibGh0dHBzOi8vd3d3LmJsb29tYmVyZy5jb20vbmV3cy9hcnRpY2xlcy8yMDIyLTA4LTIzL3Rlc2xhLXRzbGEtc3RvY2stcHJpY2UtaW5zcGlyZXMtZWxvbi1tdXNrLWZlcnZvci1pbi1rb3JlYdIBAA?oc=5&hl=en-MY&gl=MY&ceid=MY:en,"{'href': 'https://www.bloomberg.com', 'title': 'Bloomberg'}"
58,Tesla (TSLA) Stock In Overdrive After GM Charging Deal - Nasdaq,Tesla (TSLA) Stock In Overdrive After GM Charging Deal  Nasdaq,"Mon, 12 Jun 2023 07:00:00 GMT",https://news.google.com/rss/articles/CBMiVGh0dHBzOi8vd3d3Lm5hc2RhcS5jb20vYXJ0aWNsZXMvdGVzbGEtdHNsYS1zdG9jay1pbi1vdmVyZHJpdmUtYWZ0ZXItZ20tY2hhcmdpbmctZGVhbNIBAA?oc=5&hl=en-MY&gl=MY&ceid=MY:en,"{'href': 'https://www.nasdaq.com', 'title': 'Nasdaq'}"
59,"In the wake of Tesla, Inc.'s (NASDAQ:TSLA) latest US$106b market cap drop, institutional owners may be forced to take ... - Yahoo Finance","In the wake of Tesla, Inc.'s (NASDAQ:TSLA) latest US$106b market cap drop, institutional owners may be forced to take ...  Yahoo Finance","Tue, 27 Jun 2023 07:00:00 GMT",https://news.google.com/rss/articles/CBMiSGh0dHBzOi8vZmluYW5jZS55YWhvby5jb20vbmV3cy93YWtlLXRlc2xhLWluYy1uYXNkYXEtdHNsYS0xNDAwMjE2OTAuaHRtbNIBAA?oc=5&hl=en-MY&gl=MY&ceid=MY:en,"{'href': 'https://finance.yahoo.com', 'title': 'Yahoo Finance'}"
60,Tesla and BYD Post Record Sales on Surge in Electric-Car Demand - Bloomberg,Tesla and BYD Post Record Sales on Surge in Electric-Car Demand  Bloomberg,"Sun, 02 Jul 2023 07:00:00 GMT",https://news.google.com/rss/articles/CBMib2h0dHBzOi8vd3d3LmJsb29tYmVyZy5jb20vbmV3cy9hcnRpY2xlcy8yMDIzLTA3LTAyL3Rlc2xhLXNldHMtYS1uZXctZGVsaXZlcnktcmVjb3JkLWFzLXByaWNlLWN1dHMteWllbGQtcmVzdWx0c9IBAA?oc=5&hl=en-MY&gl=MY&ceid=MY:en,"{'href': 'https://www.bloomberg.com', 'title': 'Bloomberg'}"
61,Is Tesla Inc (TSLA) Significantly Undervalued? A Deep Dive into the GF Value - Yahoo Finance,Is Tesla Inc (TSLA) Significantly Undervalued? A Deep Dive into the GF Value  Yahoo Finance,"Fri, 28 Jul 2023 07:00:00 GMT",https://news.google.com/rss/articles/CBMiVmh0dHBzOi8vZmluYW5jZS55YWhvby5jb20vbmV3cy90ZXNsYS1pbmMtdHNsYS1zaWduaWZpY2FudGx5LXVuZGVydmFsdWVkLTE5MzIxNDYyNy5odG1s0gEA?oc=5&hl=en-MY&gl=MY&ceid=MY:en,"{'href': 'https://finance.yahoo.com', 'title': 'Yahoo Finance'}"
62,Tesla (TSLA) Q2 2023 Earnings: What to Expect - Nasdaq,Tesla (TSLA) Q2 2023 Earnings: What to Expect  Nasdaq,"Wed, 19 Jul 2023 07:00:00 GMT",https://news.google.com/rss/articles/CBMiSmh0dHBzOi8vd3d3Lm5hc2RhcS5jb20vYXJ0aWNsZXMvdGVzbGEtdHNsYS1xMi0yMDIzLWVhcm5pbmdzLXdoYXQtdG8tZXhwZWN00gEA?oc=5&hl=en-MY&gl=MY&ceid=MY:en,"{'href': 'https://www.nasdaq.com', 'title': 'Nasdaq'}"
63,Tesla (TSLA) exec releases Cybertruck event details - StreetInsider.com,Tesla (TSLA) exec releases Cybertruck event details  StreetInsider.com,"Mon, 27 Nov 2023 08:00:00 GMT",https://news.google.com/rss/articles/CBMicmh0dHBzOi8vd3d3LnN0cmVldGluc2lkZXIuY29tL0NvcnBvcmF0ZStOZXdzL1Rlc2xhKyUyOFRTTEElMjkrZXhlYytyZWxlYXNlcytDeWJlcnRydWNrK2V2ZW50K2RldGFpbHMvMjI0NTUzMjYuaHRtbNIBAA?oc=5&hl=en-MY&gl=MY&ceid=MY:en,"{'href': 'https://www.streetinsider.com', 'title': 'StreetInsider.com'}"
64,Tesla Stock (NASDAQ:TSLA): A Surprisingly Sensible Bet on Affordable EVs - Nasdaq,Tesla Stock (NASDAQ:TSLA): A Surprisingly Sensible Bet on Affordable EVs  Nasdaq,"Mon, 31 Jul 2023 07:00:00 GMT",https://news.google.com/rss/articles/CBMiZmh0dHBzOi8vd3d3Lm5hc2RhcS5jb20vYXJ0aWNsZXMvdGVzbGEtc3RvY2stbmFzZGFxOnRzbGE6LWEtc3VycHJpc2luZ2x5LXNlbnNpYmxlLWJldC1vbi1hZmZvcmRhYmxlLWV2c9IBAA?oc=5&hl=en-MY&gl=MY&ceid=MY:en,"{'href': 'https://www.nasdaq.com', 'title': 'Nasdaq'}"
65,TSLA Stock Price Prediction: Why HSBC Says Tesla Could Fall 30% From Here - InvestorPlace,TSLA Stock Price Prediction: Why HSBC Says Tesla Could Fall 30% From Here  InvestorPlace,"Thu, 09 Nov 2023 08:00:00 GMT",https://news.google.com/rss/articles/CBMiamh0dHBzOi8vaW52ZXN0b3JwbGFjZS5jb20vMjAyMy8xMS90c2xhLXN0b2NrLXByaWNlLXByZWRpY3Rpb24td2h5LWhzYmMtc2F5cy10ZXNsYS1jb3VsZC1mYWxsLTMwLWZyb20taGVyZS_SAQA?oc=5&hl=en-MY&gl=MY&ceid=MY:en,"{'href': 'https://investorplace.com', 'title': 'InvestorPlace'}"
66,F vs. TSLA: Which Stock Is the Better Value Option? - Yahoo Finance,F vs. TSLA: Which Stock Is the Better Value Option?  Yahoo Finance,"Mon, 17 Jul 2023 07:00:00 GMT",https://news.google.com/rss/articles/CBMiRGh0dHBzOi8vZmluYW5jZS55YWhvby5jb20vbmV3cy9mLXZzLXRzbGEtc3RvY2stYmV0dGVyLTE1NDAxMzYxOS5odG1s0gEA?oc=5&hl=en-MY&gl=MY&ceid=MY:en,"{'href': 'https://finance.yahoo.com', 'title': 'Yahoo Finance'}"
67,Tesla China (TSLA) insurance registrations reach 16.7K in November's 4th week - StreetInsider.com,Tesla China (TSLA) insurance registrations reach 16.7K in November's 4th week  StreetInsider.com,"Tue, 28 Nov 2023 08:00:00 GMT",https://news.google.com/rss/articles/CBMilAFodHRwczovL3d3dy5zdHJlZXRpbnNpZGVyLmNvbS9Db3Jwb3JhdGUrTmV3cy9UZXNsYStDaGluYSslMjhUU0xBJTI5K2luc3VyYW5jZStyZWdpc3RyYXRpb25zK3JlYWNoKzE2LjdLK2luK05vdmVtYmVyJUUyJTgwJTk5cys0dGgrd2Vlay8yMjQ2MTU5MC5odG1s0gEA?oc=5&hl=en-MY&gl=MY&ceid=MY:en,"{'href': 'https://www.streetinsider.com', 'title': 'StreetInsider.com'}"
68,Tesla Fined for California Worker Pinned in Car on Conveyor Belt - Bloomberg,Tesla Fined for California Worker Pinned in Car on Conveyor Belt  Bloomberg,"Fri, 08 Dec 2023 08:00:00 GMT",https://news.google.com/rss/articles/CBMic2h0dHBzOi8vd3d3LmJsb29tYmVyZy5jb20vbmV3cy9hcnRpY2xlcy8yMDIzLTEyLTA4L3Rlc2xhLWZpbmVkLWZvci1jYWxpZm9ybmlhLXdvcmtlci1waW5uZWQtaW4tY2FyLW9uLWNvbnZleW9yLWJlbHTSAQA?oc=5&hl=en-MY&gl=MY&ceid=MY:en,"{'href': 'https://www.bloomberg.com', 'title': 'Bloomberg'}"
69,Tesla (TSLA) faces union opposition in Denmark - StreetInsider.com,Tesla (TSLA) faces union opposition in Denmark  StreetInsider.com,"Tue, 05 Dec 2023 08:00:00 GMT",https://news.google.com/rss/articles/CBMiNWh0dHBzOi8vd3d3LnN0cmVldGluc2lkZXIuY29tL2RyL25ld3MucGhwP2lkPTIyNDkwNjE20gEA?oc=5&hl=en-MY&gl=MY&ceid=MY:en,"{'href': 'https://www.streetinsider.com', 'title': 'StreetInsider.com'}"
70,Tesla ETFs (TSLA) Launch on Wall Street to Capitalize on Volatility - Bloomberg,Tesla ETFs (TSLA) Launch on Wall Street to Capitalize on Volatility  Bloomberg,"Thu, 19 Oct 2023 07:00:00 GMT",https://news.google.com/rss/articles/CBMid2h0dHBzOi8vd3d3LmJsb29tYmVyZy5jb20vbmV3cy9hcnRpY2xlcy8yMDIzLTEwLTE5L25ldy1ldGZzLXJpZGluZy10ZXNsYS1zLXRzbGEtZmFtb3VzLXZvbGF0aWxpdHktYXJyaXZlLW9uLXdhbGwtc3RyZWV00gEA?oc=5&hl=en-MY&gl=MY&ceid=MY:en,"{'href': 'https://www.bloomberg.com', 'title': 'Bloomberg'}"
71,Tesla (TSLA): Backing Up the Cybertruck - Nasdaq,Tesla (TSLA): Backing Up the Cybertruck  Nasdaq,"Tue, 19 Dec 2023 08:00:00 GMT",https://news.google.com/rss/articles/CBMiRGh0dHBzOi8vd3d3Lm5hc2RhcS5jb20vYXJ0aWNsZXMvdGVzbGEtdHNsYS1iYWNraW5nLXVwLXRoZS1jeWJlcnRydWNr0gEA?oc=5&hl=en-MY&gl=MY&ceid=MY:en,"{'href': 'https://www.nasdaq.com', 'title': 'Nasdaq'}"
72,Tesla (TSLA) Stock Slides as Market Rises: Facts to Know Before You Trade - Yahoo Finance,Tesla (TSLA) Stock Slides as Market Rises: Facts to Know Before You Trade  Yahoo Finance,"Mon, 09 Oct 2023 07:00:00 GMT",https://news.google.com/rss/articles/CBMiTGh0dHBzOi8vZmluYW5jZS55YWhvby5jb20vbmV3cy90ZXNsYS10c2xhLXN0b2NrLXNsaWRlcy1tYXJrZXQtMjE0NTE4NzIwLmh0bWzSAQA?oc=5&hl=en-MY&gl=MY&ceid=MY:en,"{'href': 'https://finance.yahoo.com', 'title': 'Yahoo Finance'}"
73,Tesla (TSLA) China sees 18% increase in new vehicle registrations - StreetInsider.com,Tesla (TSLA) China sees 18% increase in new vehicle registrations  StreetInsider.com,"Tue, 19 Dec 2023 08:00:00 GMT",https://news.google.com/rss/articles/CBMiggFodHRwczovL3d3dy5zdHJlZXRpbnNpZGVyLmNvbS9Db3Jwb3JhdGUrTmV3cy9UZXNsYSslMjhUU0xBJTI5K0NoaW5hK3NlZXMrMTglMjUraW5jcmVhc2UraW4rbmV3K3ZlaGljbGUrcmVnaXN0cmF0aW9ucy8yMjU0NTU2MC5odG1s0gEA?oc=5&hl=en-MY&gl=MY&ceid=MY:en,"{'href': 'https://www.streetinsider.com', 'title': 'StreetInsider.com'}"
74,Tesla (TSLA) Q3 2023 Earnings: What to Expect - Nasdaq,Tesla (TSLA) Q3 2023 Earnings: What to Expect  Nasdaq,"Wed, 18 Oct 2023 07:00:00 GMT",https://news.google.com/rss/articles/CBMiSmh0dHBzOi8vd3d3Lm5hc2RhcS5jb20vYXJ0aWNsZXMvdGVzbGEtdHNsYS1xMy0yMDIzLWVhcm5pbmdzLXdoYXQtdG8tZXhwZWN00gEA?oc=5&hl=en-MY&gl=MY&ceid=MY:en,"{'href': 'https://www.nasdaq.com', 'title': 'Nasdaq'}"
75,Tesla Stock: TSLA Trends Toward Record Quarter In China After Latest Registration Data - Investor's Business Daily,Tesla Stock: TSLA Trends Toward Record Quarter In China After Latest Registration Data  Investor's Business Daily,"Tue, 26 Dec 2023 08:00:00 GMT",https://news.google.com/rss/articles/CBMidmh0dHBzOi8vd3d3LmludmVzdG9ycy5jb20vbmV3cy90ZXNsYS1zdG9jay10c2xhLXRyZW5kcy10b3dhcmRzLXJlY29yZC1xdWFydGVyLWluLWNoaW5hLWFmdGVyLWxhdGVzdC1yZWdpc3RyYXRpb24tZGF0YS_SAQA?oc=5&hl=en-MY&gl=MY&ceid=MY:en,"{'href': 'https://www.investors.com', 'title': ""Investor's Business Daily""}"
76,"AMZN, COST, or TSLA: Which Mega-Cap Stock is the Best Pick? - Nasdaq","AMZN, COST, or TSLA: Which Mega-Cap Stock is the Best Pick?  Nasdaq","Sat, 09 Sep 2023 07:00:00 GMT",https://news.google.com/rss/articles/CBMiWGh0dHBzOi8vd3d3Lm5hc2RhcS5jb20vYXJ0aWNsZXMvYW16bi1jb3N0LW9yLXRzbGE6LXdoaWNoLW1lZ2EtY2FwLXN0b2NrLWlzLXRoZS1iZXN0LXBpY2vSAQA?oc=5&hl=en-MY&gl=MY&ceid=MY:en,"{'href': 'https://www.nasdaq.com', 'title': 'Nasdaq'}"
77,Tesla (TSLA) stock surges from optimistic look at Dojo supercomputer - Electrek.co,Tesla (TSLA) stock surges from optimistic look at Dojo supercomputer  Electrek.co,"Mon, 11 Sep 2023 07:00:00 GMT",https://news.google.com/rss/articles/CBMiVWh0dHBzOi8vZWxlY3RyZWsuY28vMjAyMy8wOS8xMS90ZXNsYS10c2xhLXN0b2NrLXN1cmdlcy1vcHRpbWlzdGljLWRvam8tc3VwZXJjb21wdXRlci_SAQA?oc=5&hl=en-MY&gl=MY&ceid=MY:en,"{'href': 'https://electrek.co', 'title': 'Electrek.co'}"
78,Should You Sell Tesla (TSLA) Now? - Yahoo Finance,Should You Sell Tesla (TSLA) Now?  Yahoo Finance,"Wed, 26 Apr 2023 07:00:00 GMT",https://news.google.com/rss/articles/CBMiQWh0dHBzOi8vZmluYW5jZS55YWhvby5jb20vbmV3cy9zZWxsLXRlc2xhLXRzbGEtbm93LTA3MTA1NDQxMC5odG1s0gEA?oc=5&hl=en-MY&gl=MY&ceid=MY:en,"{'href': 'https://finance.yahoo.com', 'title': 'Yahoo Finance'}"
79,"Tesla (NASDAQ:TSLA) pulls back 5.1% this week, but still delivers shareholders incredible 61% CAGR over 5 years - Yahoo Finance","Tesla (NASDAQ:TSLA) pulls back 5.1% this week, but still delivers shareholders incredible 61% CAGR over 5 years  Yahoo Finance","Mon, 07 Aug 2023 07:00:00 GMT",https://news.google.com/rss/articles/CBMiSmh0dHBzOi8vZmluYW5jZS55YWhvby5jb20vbmV3cy90ZXNsYS1uYXNkYXEtdHNsYS1wdWxscy1iYWNrLTEzMDAyNzA2My5odG1s0gEA?oc=5&hl=en-MY&gl=MY&ceid=MY:en,"{'href': 'https://finance.yahoo.com', 'title': 'Yahoo Finance'}"
80,Tesla (TSLA) Q3 2022 Earnings: What to Expect - Nasdaq,Tesla (TSLA) Q3 2022 Earnings: What to Expect  Nasdaq,"Wed, 19 Oct 2022 07:00:00 GMT",https://news.google.com/rss/articles/CBMiTWh0dHBzOi8vd3d3Lm5hc2RhcS5jb20vYXJ0aWNsZXMvdGVzbGEtdHNsYS1xMy0yMDIyLWVhcm5pbmdzJTNBLXdoYXQtdG8tZXhwZWN00gEA?oc=5&hl=en-MY&gl=MY&ceid=MY:en,"{'href': 'https://www.nasdaq.com', 'title': 'Nasdaq'}"
81,PCAR vs. TSLA: Which Stock Is the Better Value Option? - Yahoo Finance,PCAR vs. TSLA: Which Stock Is the Better Value Option?  Yahoo Finance,"Fri, 22 Dec 2023 08:00:00 GMT",https://news.google.com/rss/articles/CBMiR2h0dHBzOi8vZmluYW5jZS55YWhvby5jb20vbmV3cy9wY2FyLXZzLXRzbGEtc3RvY2stYmV0dGVyLTE2NDAxMTUxNC5odG1s0gEA?oc=5&hl=en-MY&gl=MY&ceid=MY:en,"{'href': 'https://finance.yahoo.com', 'title': 'Yahoo Finance'}"
82,TSLA vs. RIVN: Which EV Stock is the Better Buy? - Yahoo Finance,TSLA vs. RIVN: Which EV Stock is the Better Buy?  Yahoo Finance,"Thu, 09 Nov 2023 08:00:00 GMT",https://news.google.com/rss/articles/CBMiQ2h0dHBzOi8vZmluYW5jZS55YWhvby5jb20vbmV3cy90c2xhLXZzLXJpdm4tZXYtc3RvY2stMTgxMzI3Nzk2Lmh0bWzSAQA?oc=5&hl=en-MY&gl=MY&ceid=MY:en,"{'href': 'https://finance.yahoo.com', 'title': 'Yahoo Finance'}"
83,Tesla Stock Has Never Been This Cheap — And It Could Still Drop Further - Bloomberg,Tesla Stock Has Never Been This Cheap — And It Could Still Drop Further  Bloomberg,"Tue, 13 Dec 2022 08:00:00 GMT",https://news.google.com/rss/articles/CBMicWh0dHBzOi8vd3d3LmJsb29tYmVyZy5jb20vbmV3cy9hcnRpY2xlcy8yMDIyLTEyLTEzL3Rlc2xhLXN0b2NrLWhhcy1uZXZlci1iZWVuLXRoaXMtY2hlYXAtY291bGQtc3RpbGwtZHJvcC1mdXJ0aGVy0gEA?oc=5&hl=en-MY&gl=MY&ceid=MY:en,"{'href': 'https://www.bloomberg.com', 'title': 'Bloomberg'}"
84,Tesla and TSLA Stock Would Be Better Off Without Elon Musk - InvestorPlace,Tesla and TSLA Stock Would Be Better Off Without Elon Musk  InvestorPlace,"Fri, 10 Nov 2023 08:00:00 GMT",https://news.google.com/rss/articles/CBMiXWh0dHBzOi8vaW52ZXN0b3JwbGFjZS5jb20vMjAyMy8xMS90ZXNsYS1hbmQtdHNsYS1zdG9jay13b3VsZC1iZS1iZXR0ZXItb2ZmLXdpdGhvdXQtZWxvbi1tdXNrL9IBAA?oc=5&hl=en-MY&gl=MY&ceid=MY:en,"{'href': 'https://investorplace.com', 'title': 'InvestorPlace'}"
85,"Weekly Preview: Earnings to Watch This Week 10-15-23 (NFLX, TSLA) - Nasdaq","Weekly Preview: Earnings to Watch This Week 10-15-23 (NFLX, TSLA)  Nasdaq","Sun, 15 Oct 2023 07:00:00 GMT",https://news.google.com/rss/articles/CBMiXWh0dHBzOi8vd3d3Lm5hc2RhcS5jb20vYXJ0aWNsZXMvd2Vla2x5LXByZXZpZXctZWFybmluZ3MtdG8td2F0Y2gtdGhpcy13ZWVrLTEwLTE1LTIzLW5mbHgtdHNsYdIBAA?oc=5&hl=en-MY&gl=MY&ceid=MY:en,"{'href': 'https://www.nasdaq.com', 'title': 'Nasdaq'}"
86,Tesla Stock: Goldman Sachs Cuts TSLA Margin Outlook With More Price Cuts Expected - Investor's Business Daily,Tesla Stock: Goldman Sachs Cuts TSLA Margin Outlook With More Price Cuts Expected  Investor's Business Daily,"Mon, 18 Sep 2023 07:00:00 GMT",https://news.google.com/rss/articles/CBMicWh0dHBzOi8vd3d3LmludmVzdG9ycy5jb20vbmV3cy90ZXNsYS1zdG9jay1nb2xkbWFuLXNhY2hzLWN1dHMtdGVzbGEtbWFyZ2luLW91dGxvb2std2l0aC1tb3JlLXByaWNlLWN1dHMtZXhwZWN0ZWQv0gEA?oc=5&hl=en-MY&gl=MY&ceid=MY:en,"{'href': 'https://www.investors.com', 'title': ""Investor's Business Daily""}"
87,Tesla's Plunge Drags Valuation Below $500 Billion on Margin Fear - Bloomberg,Tesla's Plunge Drags Valuation Below $500 Billion on Margin Fear  Bloomberg,"Wed, 26 Apr 2023 07:00:00 GMT",https://news.google.com/rss/articles/CBMicmh0dHBzOi8vd3d3LmJsb29tYmVyZy5jb20vbmV3cy9hcnRpY2xlcy8yMDIzLTA0LTI2L3Rlc2xhLXMtcGx1bmdlLWRyYWdzLXZhbHVhdGlvbi1iZWxvdy01MDAtYmlsbGlvbi1vbi1tYXJnaW4tZmVhctIBAA?oc=5&hl=en-MY&gl=MY&ceid=MY:en,"{'href': 'https://www.bloomberg.com', 'title': 'Bloomberg'}"
88,"Tesla, Inc. (TSLA) is Attracting Investor Attention: Here is What You Should Know - Yahoo Finance","Tesla, Inc. (TSLA) is Attracting Investor Attention: Here is What You Should Know  Yahoo Finance","Thu, 10 Aug 2023 07:00:00 GMT",https://news.google.com/rss/articles/CBMiUGh0dHBzOi8vZmluYW5jZS55YWhvby5jb20vbmV3cy90ZXNsYS1pbmMtdHNsYS1hdHRyYWN0aW5nLWludmVzdG9yLTEzMDAxMjc5Ny5odG1s0gEA?oc=5&hl=en-MY&gl=MY&ceid=MY:en,"{'href': 'https://finance.yahoo.com', 'title': 'Yahoo Finance'}"
89,Tesla's Nordic Dispute Sparks Angry Letter From Money Managers - Bloomberg,Tesla's Nordic Dispute Sparks Angry Letter From Money Managers  Bloomberg,"Thu, 14 Dec 2023 08:00:00 GMT",https://news.google.com/rss/articles/CBMicWh0dHBzOi8vd3d3LmJsb29tYmVyZy5jb20vbmV3cy9hcnRpY2xlcy8yMDIzLTEyLTE0L3Rlc2xhLXMtbm9yZGljLWRpc3B1dGUtc3BhcmtzLWFuZ3J5LWxldHRlci1mcm9tLW1vbmV5LW1hbmFnZXJz0gEA?oc=5&hl=en-MY&gl=MY&ceid=MY:en,"{'href': 'https://www.bloomberg.com', 'title': 'Bloomberg'}"
90,Tesla Analysts Eyeing EV Slowdown Turn More Cautious on 2024 - Bloomberg,Tesla Analysts Eyeing EV Slowdown Turn More Cautious on 2024  Bloomberg,"Tue, 19 Dec 2023 08:00:00 GMT",https://news.google.com/rss/articles/CBMicWh0dHBzOi8vd3d3LmJsb29tYmVyZy5jb20vbmV3cy9hcnRpY2xlcy8yMDIzLTEyLTE5L3Rlc2xhLWFuYWx5c3RzLXR1cm4tbW9yZS1jYXV0aW91cy1vbi0yMDI0LWFzLWV2LXNsb3dkb3duLWxvb21z0gEA?oc=5&hl=en-MY&gl=MY&ceid=MY:en,"{'href': 'https://www.bloomberg.com', 'title': 'Bloomberg'}"
91,PCAR vs. TSLA: Which Stock Is the Better Value Option? - Yahoo Finance,PCAR vs. TSLA: Which Stock Is the Better Value Option?  Yahoo Finance,"Thu, 31 Aug 2023 07:00:00 GMT",https://news.google.com/rss/articles/CBMiR2h0dHBzOi8vZmluYW5jZS55YWhvby5jb20vbmV3cy9wY2FyLXZzLXRzbGEtc3RvY2stYmV0dGVyLTE1NDAxMDE1MS5odG1s0gEA?oc=5&hl=en-MY&gl=MY&ceid=MY:en,"{'href': 'https://finance.yahoo.com', 'title': 'Yahoo Finance'}"
92,The Tesla Option Income Strategy ETF (TSLY) With The 60% Yield Just Turned 1 Year Old. Let's See How It's Done! - TheStreet,The Tesla Option Income Strategy ETF (TSLY) With The 60% Yield Just Turned 1 Year Old. Let's See How It's Done!  TheStreet,"Mon, 11 Dec 2023 08:00:00 GMT",https://news.google.com/rss/articles/CBMifWh0dHBzOi8vd3d3LnRoZXN0cmVldC5jb20vZXRmZm9jdXMvaGlnaC15aWVsZC1pZGVhcy90ZXNsYS1vcHRpb24taW5jb21lLXN0cmF0ZWd5LWV0Zi10c2x5LXdpdGgtNjAteWllbGQtbGV0cy1zZWUtaG93LWl0cy1kb25l0gEA?oc=5&hl=en-MY&gl=MY&ceid=MY:en,"{'href': 'https://www.thestreet.com', 'title': 'TheStreet'}"
93,"EV Roundup: Q3 Deliveries of TSLA, RIVN, NIO, LI & XPEV in Focus - Yahoo Finance","EV Roundup: Q3 Deliveries of TSLA, RIVN, NIO, LI & XPEV in Focus  Yahoo Finance","Mon, 09 Oct 2023 07:00:00 GMT",https://news.google.com/rss/articles/CBMiS2h0dHBzOi8vZmluYW5jZS55YWhvby5jb20vbmV3cy9ldi1yb3VuZHVwLXEzLWRlbGl2ZXJpZXMtdHNsYS0xNTA2MDA1MTMuaHRtbNIBAA?oc=5&hl=en-MY&gl=MY&ceid=MY:en,"{'href': 'https://finance.yahoo.com', 'title': 'Yahoo Finance'}"
94,Tesla (TSLA) stock price drops after lackluster Investor Day event - Fast Company,Tesla (TSLA) stock price drops after lackluster Investor Day event  Fast Company,"Thu, 02 Mar 2023 08:00:00 GMT",https://news.google.com/rss/articles/CBMiXGh0dHBzOi8vd3d3LmZhc3Rjb21wYW55LmNvbS85MDg1OTY2MS90ZXNsYS1zdG9jay1wcmljZS1tYXN0ZXItcGxhbi0zLWludmVzdG9yLWRheS1lbG9uLW11c2sv0gEA?oc=5&hl=en-MY&gl=MY&ceid=MY:en,"{'href': 'https://www.fastcompany.com', 'title': 'Fast Company'}"
95,Tesla (TSLA) Stock Sinks As Market Gains: What You Should Know - Yahoo Finance,Tesla (TSLA) Stock Sinks As Market Gains: What You Should Know  Yahoo Finance,"Wed, 14 Jun 2023 07:00:00 GMT",https://news.google.com/rss/articles/CBMiS2h0dHBzOi8vZmluYW5jZS55YWhvby5jb20vbmV3cy90ZXNsYS10c2xhLXN0b2NrLXNpbmtzLW1hcmtldC0yMTQ1MjU2NjAuaHRtbNIBAA?oc=5&hl=en-MY&gl=MY&ceid=MY:en,"{'href': 'https://finance.yahoo.com', 'title': 'Yahoo Finance'}"
96,Tesla Forecast: Why 2024 Will Be Decisive for TSLA Stock - InvestorPlace,Tesla Forecast: Why 2024 Will Be Decisive for TSLA Stock  InvestorPlace,"Thu, 28 Dec 2023 08:00:00 GMT",https://news.google.com/rss/articles/CBMiWmh0dHBzOi8vaW52ZXN0b3JwbGFjZS5jb20vMjAyMy8xMi90ZXNsYS1mb3JlY2FzdC13aHktMjAyNC13aWxsLWJlLWRlY2lzaXZlLWZvci10c2xhLXN0b2NrL9IBAA?oc=5&hl=en-MY&gl=MY&ceid=MY:en,"{'href': 'https://investorplace.com', 'title': 'InvestorPlace'}"
