Unnamed: 0,Unnamed: 0.1,title,description,published date,url,publisher,company
0,0,Can Microsoft Stock's Price Reach $500? What to Know In May 2024 - Forbes,Can Microsoft Stock's Price Reach $500? What to Know In May 2024  Forbes,"Tue, 15 Aug 2023 07:00:00 GMT",https://news.google.com/rss/articles/CBMiV2h0dHBzOi8vd3d3LmZvcmJlcy5jb20vc2l0ZXMvaW52ZXN0b3ItaHViL2FydGljbGUvY2FuLW1pY3Jvc29mdC1zdG9ja3MtcHJpY2UtcmVhY2gtNTAwL9IBAA?oc=5&hl=en-MY&gl=MY&ceid=MY:en,"{'href': 'https://www.forbes.com', 'title': 'Forbes'}",MSFT
1,1,MSFT Stock Price Prediction: Why $400 Could Be Just a Stepping Stone - InvestorPlace,MSFT Stock Price Prediction: Why $400 Could Be Just a Stepping Stone  InvestorPlace,"Sun, 30 Jul 2023 07:00:00 GMT",https://news.google.com/rss/articles/CBMib2h0dHBzOi8vaW52ZXN0b3JwbGFjZS5jb20vbWFya2V0MzYwLzIwMjMvMDcvbXNmdC1zdG9jay1wcmljZS1wcmVkaWN0aW9uLXdoeS00MDAtY291bGQtYmUtanVzdC1hLXN0ZXBwaW5nLXN0b25lL9IBAA?oc=5&hl=en-MY&gl=MY&ceid=MY:en,"{'href': 'https://investorplace.com', 'title': 'InvestorPlace'}",MSFT
2,2,Microsoft (MSFT) Q4 2023 Earnings Call Transcript - The Motley Fool,Microsoft (MSFT) Q4 2023 Earnings Call Transcript  The Motley Fool,"Tue, 25 Jul 2023 07:00:00 GMT",https://news.google.com/rss/articles/CBMiamh0dHBzOi8vd3d3LmZvb2wuY29tL2Vhcm5pbmdzL2NhbGwtdHJhbnNjcmlwdHMvMjAyMy8wNy8yNS9taWNyb3NvZnQtbXNmdC1xNC0yMDIzLWVhcm5pbmdzLWNhbGwtdHJhbnNjcmlwdC_SAQA?oc=5&hl=en-MY&gl=MY&ceid=MY:en,"{'href': 'https://www.fool.com', 'title': 'The Motley Fool'}",MSFT
3,3,"Stocks making the biggest moves premarket: Alphabet, Microsoft, PacWest, Snap and more - CNBC","Stocks making the biggest moves premarket: Alphabet, Microsoft, PacWest, Snap and more  CNBC","Wed, 26 Jul 2023 07:00:00 GMT",https://news.google.com/rss/articles/CBMiZGh0dHBzOi8vd3d3LmNuYmMuY29tLzIwMjMvMDcvMjYvc3RvY2tzLW1ha2luZy10aGUtYmlnZ2VzdC1tb3Zlcy1wcmVtYXJrZXQtZ29vZ2wtbXNmdC1wYWN3LXNuYXAtLmh0bWzSAWhodHRwczovL3d3dy5jbmJjLmNvbS9hbXAvMjAyMy8wNy8yNi9zdG9ja3MtbWFraW5nLXRoZS1iaWdnZXN0LW1vdmVzLXByZW1hcmtldC1nb29nbC1tc2Z0LXBhY3ctc25hcC0uaHRtbA?oc=5&hl=en-MY&gl=MY&ceid=MY:en,"{'href': 'https://www.cnbc.com', 'title': 'CNBC'}",MSFT
4,4,"Microsoft (MSFT) Q4 Earnings Beat Estimates, Revenues Rise Y/Y - Yahoo Finance","Microsoft (MSFT) Q4 Earnings Beat Estimates, Revenues Rise Y/Y  Yahoo Finance","Wed, 26 Jul 2023 07:00:00 GMT",https://news.google.com/rss/articles/CBMiTWh0dHBzOi8vZmluYW5jZS55YWhvby5jb20vbmV3cy9taWNyb3NvZnQtbXNmdC1xNC1lYXJuaW5ncy1iZWF0LTE3MTAwMDQ4Mi5odG1s0gEA?oc=5&hl=en-MY&gl=MY&ceid=MY:en,"{'href': 'https://finance.yahoo.com', 'title': 'Yahoo Finance'}",MSFT
5,5,MSFT Stock: Microsoft Cloud Business Boosts Q4 Results - Investor's Business Daily,MSFT Stock: Microsoft Cloud Business Boosts Q4 Results  Investor's Business Daily,"Wed, 26 Jul 2023 07:00:00 GMT",https://news.google.com/rss/articles/CBMiYGh0dHBzOi8vd3d3LmludmVzdG9ycy5jb20vbmV3cy90ZWNobm9sb2d5L21zZnQtc3RvY2stbWljcm9zb2Z0LWNsb3VkLWJ1c2luZXNzLWJvb3N0cy1xNC1yZXN1bHRzL9IBAA?oc=5&hl=en-MY&gl=MY&ceid=MY:en,"{'href': 'https://www.investors.com', 'title': ""Investor's Business Daily""}",MSFT
6,6,Microsoft Stock's (NASDAQ:MSFT) Long-Term Investment Case: Multiple Growth Catalysts - TipRanks.com - TipRanks,Microsoft Stock's (NASDAQ:MSFT) Long-Term Investment Case: Multiple Growth Catalysts - TipRanks.com  TipRanks,"Sat, 26 Aug 2023 02:35:55 GMT",https://news.google.com/rss/articles/CBMidWh0dHBzOi8vd3d3LnRpcHJhbmtzLmNvbS9uZXdzL2FydGljbGUvbWljcm9zb2Z0LXN0b2Nrcy1uYXNkYXFtc2Z0LWxvbmctdGVybS1pbnZlc3RtZW50LWNhc2UtbXVsdGlwbGUtZ3Jvd3RoLWNhdGFseXN0c9IBAA?oc=5&hl=en-MY&gl=MY&ceid=MY:en,"{'href': 'https://www.tipranks.com', 'title': 'TipRanks'}",MSFT
7,7,Microsoft (MSFT) Q4 2023 Earnings: What to Expect - Nasdaq,Microsoft (MSFT) Q4 2023 Earnings: What to Expect  Nasdaq,"Tue, 25 Jul 2023 07:00:00 GMT",https://news.google.com/rss/articles/CBMiTmh0dHBzOi8vd3d3Lm5hc2RhcS5jb20vYXJ0aWNsZXMvbWljcm9zb2Z0LW1zZnQtcTQtMjAyMy1lYXJuaW5ncy13aGF0LXRvLWV4cGVjdNIBAA?oc=5&hl=en-MY&gl=MY&ceid=MY:en,"{'href': 'https://www.nasdaq.com', 'title': 'Nasdaq'}",MSFT
8,8,Microsoft (NASDAQ:MSFT) Is Increasing Its Dividend To $0.75 - Simply Wall St,Microsoft (NASDAQ:MSFT) Is Increasing Its Dividend To $0.75  Simply Wall St,"Thu, 28 Sep 2023 07:00:00 GMT",https://news.google.com/rss/articles/CBMiemh0dHBzOi8vc2ltcGx5d2FsbC5zdC9zdG9ja3MvdXMvc29mdHdhcmUvbmFzZGFxLW1zZnQvbWljcm9zb2Z0L25ld3MvbWljcm9zb2Z0LW5hc2RhcW1zZnQtaXMtaW5jcmVhc2luZy1pdHMtZGl2aWRlbmQtdG8tMDc10gF-aHR0cHM6Ly9zaW1wbHl3YWxsLnN0L3N0b2Nrcy91cy9zb2Z0d2FyZS9uYXNkYXEtbXNmdC9taWNyb3NvZnQvbmV3cy9taWNyb3NvZnQtbmFzZGFxbXNmdC1pcy1pbmNyZWFzaW5nLWl0cy1kaXZpZGVuZC10by0wNzUvYW1w?oc=5&hl=en-MY&gl=MY&ceid=MY:en,"{'href': 'https://simplywall.st', 'title': 'Simply Wall St'}",MSFT
9,9,Microsoft (MSFT) Stock Dividend Analysis: What to Know In May 2024 - Forbes,Microsoft (MSFT) Stock Dividend Analysis: What to Know In May 2024  Forbes,"Fri, 22 Sep 2023 07:00:00 GMT",https://news.google.com/rss/articles/CBMib2h0dHBzOi8vd3d3LmZvcmJlcy5jb20vc2l0ZXMvaW52ZXN0b3ItaHViL2FydGljbGUvbWljcm9zb2Z0LXN0b2NrLWRpdmlkZW5kLWFuYWx5c2lzLXdoYXQtaW52ZXN0b3JzLXNob3VsZC1rbm93L9IBAA?oc=5&hl=en-MY&gl=MY&ceid=MY:en,"{'href': 'https://www.forbes.com', 'title': 'Forbes'}",MSFT
10,10,MSFT Stock Price Prediction: The Triggers That Could Send Microsoft to $400 - InvestorPlace,MSFT Stock Price Prediction: The Triggers That Could Send Microsoft to $400  InvestorPlace,"Tue, 18 Jul 2023 07:00:00 GMT",https://news.google.com/rss/articles/CBMiaWh0dHBzOi8vaW52ZXN0b3JwbGFjZS5jb20vbWFya2V0MzYwLzIwMjMvMDcvYWN0aXZpc2lvbi1kZWFsLXByb3NwZWN0cy1hZGQtYnVsbGlzaC1tb21lbnR1bS10by1tc2Z0LXN0b2NrL9IBAA?oc=5&hl=en-MY&gl=MY&ceid=MY:en,"{'href': 'https://investorplace.com', 'title': 'InvestorPlace'}",MSFT
11,11,Microsoft shares dip after quarterly revenue guidance misses expectations - CNBC,Microsoft shares dip after quarterly revenue guidance misses expectations  CNBC,"Tue, 25 Jul 2023 07:00:00 GMT",https://news.google.com/rss/articles/CBMiS2h0dHBzOi8vd3d3LmNuYmMuY29tLzIwMjMvMDcvMjUvbWljcm9zb2Z0LW1zZnQtcTQtZWFybmluZ3MtcmVwb3J0LTIwMjMuaHRtbNIBT2h0dHBzOi8vd3d3LmNuYmMuY29tL2FtcC8yMDIzLzA3LzI1L21pY3Jvc29mdC1tc2Z0LXE0LWVhcm5pbmdzLXJlcG9ydC0yMDIzLmh0bWw?oc=5&hl=en-MY&gl=MY&ceid=MY:en,"{'href': 'https://www.cnbc.com', 'title': 'CNBC'}",MSFT
12,12,Reasons for the Outperformance of Microsoft (MSFT) - Yahoo Finance,Reasons for the Outperformance of Microsoft (MSFT)  Yahoo Finance,"Thu, 24 Aug 2023 07:00:00 GMT",https://news.google.com/rss/articles/CBMiU2h0dHBzOi8vZmluYW5jZS55YWhvby5jb20vbmV3cy9yZWFzb25zLW91dHBlcmZvcm1hbmNlLW1pY3Jvc29mdC1tc2Z0LTA3MTEzNjAyNi5odG1s0gEA?oc=5&hl=en-MY&gl=MY&ceid=MY:en,"{'href': 'https://finance.yahoo.com', 'title': 'Yahoo Finance'}",MSFT
13,13,Microsoft News: FTC Probes Open AI's ChatGPT And Appeals Activision Ruling - Investor's Business Daily,Microsoft News: FTC Probes Open AI's ChatGPT And Appeals Activision Ruling  Investor's Business Daily,"Thu, 13 Jul 2023 07:00:00 GMT",https://news.google.com/rss/articles/CBMidGh0dHBzOi8vd3d3LmludmVzdG9ycy5jb20vbmV3cy90ZWNobm9sb2d5L21zZnQtc3RvY2stbmV3cy1mdGMtcHJvYmVzLW9wZW4tYWlzLWNoYXRncHQtYW5kLWFwcGVhbHMtYWN0aXZpc2lvbi1ydWxpbmcv0gEA?oc=5&hl=en-MY&gl=MY&ceid=MY:en,"{'href': 'https://www.investors.com', 'title': ""Investor's Business Daily""}",MSFT
14,14,Microsoft Stock Outlook: The Catalysts That Could Send MSFT Surging in 2024 - InvestorPlace,Microsoft Stock Outlook: The Catalysts That Could Send MSFT Surging in 2024  InvestorPlace,"Wed, 13 Sep 2023 07:00:00 GMT",https://news.google.com/rss/articles/CBMid2h0dHBzOi8vaW52ZXN0b3JwbGFjZS5jb20vbWFya2V0MzYwLzIwMjMvMDkvbWljcm9zb2Z0LXN0b2NrLW91dGxvb2stdGhlLWNhdGFseXN0cy10aGF0LWNvdWxkLXNlbmQtbXNmdC1zdXJnaW5nLWluLTIwMjQv0gEA?oc=5&hl=en-MY&gl=MY&ceid=MY:en,"{'href': 'https://investorplace.com', 'title': 'InvestorPlace'}",MSFT
15,15,"MSFT Stock: Cybersecurity Offerings From Microsoft Pressure Zscaler, Palo Alto - Investor's Business Daily","MSFT Stock: Cybersecurity Offerings From Microsoft Pressure Zscaler, Palo Alto  Investor's Business Daily","Wed, 12 Jul 2023 07:00:00 GMT",https://news.google.com/rss/articles/CBMid2h0dHBzOi8vd3d3LmludmVzdG9ycy5jb20vbmV3cy90ZWNobm9sb2d5L21zZnQtc3RvY2stY3liZXJzZWN1cml0eS1vZmZlcmluZ3MtZnJvbS1taWNyb3NvZnQtcHJlc3N1cmUtenNjYWxlci1wYWxvLWFsdG8v0gEA?oc=5&hl=en-MY&gl=MY&ceid=MY:en,"{'href': 'https://www.investors.com', 'title': ""Investor's Business Daily""}",MSFT
16,16,Microsoft (NASDAQ:MSFT) Is Increasing Its Dividend To $0.75 - Yahoo Finance,Microsoft (NASDAQ:MSFT) Is Increasing Its Dividend To $0.75  Yahoo Finance,"Thu, 28 Sep 2023 07:00:00 GMT",https://news.google.com/rss/articles/CBMiV2h0dHBzOi8vZmluYW5jZS55YWhvby5jb20vbmV3cy9taWNyb3NvZnQtbmFzZGFxLW1zZnQtaW5jcmVhc2luZy1kaXZpZGVuZC0xMDAxMzg4MDUuaHRtbNIBAA?oc=5&hl=en-MY&gl=MY&ceid=MY:en,"{'href': 'https://finance.yahoo.com', 'title': 'Yahoo Finance'}",MSFT
17,17,Did Microsoft (MSFT) Stock Just Peak? - InvestorPlace,Did Microsoft (MSFT) Stock Just Peak?  InvestorPlace,"Wed, 26 Jul 2023 07:00:00 GMT",https://news.google.com/rss/articles/CBMiRWh0dHBzOi8vaW52ZXN0b3JwbGFjZS5jb20vMjAyMy8wNy9kaWQtbWljcm9zb2Z0LW1zZnQtc3RvY2stanVzdC1wZWFrL9IBAA?oc=5&hl=en-MY&gl=MY&ceid=MY:en,"{'href': 'https://investorplace.com', 'title': 'InvestorPlace'}",MSFT
18,18,MSFT Stock Today: How To Enhance Returns With The Covered Call Options Trade In Microsoft - Investor's Business Daily,MSFT Stock Today: How To Enhance Returns With The Covered Call Options Trade In Microsoft  Investor's Business Daily,"Mon, 24 Jul 2023 07:00:00 GMT",https://news.google.com/rss/articles/CBMihAFodHRwczovL3d3dy5pbnZlc3RvcnMuY29tL3Jlc2VhcmNoL29wdGlvbnMvbXNmdC1zdG9jay10b2RheS1ob3ctdG8tZW5oYW5jZS1yZXR1cm5zLXdpdGgtdGhlLWNvdmVyZWQtY2FsbC1vcHRpb25zLXRyYWRlLWluLW1pY3Jvc29mdC_SAQA?oc=5&hl=en-MY&gl=MY&ceid=MY:en,"{'href': 'https://www.investors.com', 'title': ""Investor's Business Daily""}",MSFT
19,19,Microsoft Corporation (MSFT) Generated Strong Returns in Q2 - Yahoo Finance,Microsoft Corporation (MSFT) Generated Strong Returns in Q2  Yahoo Finance,"Mon, 10 Jul 2023 07:00:00 GMT",https://news.google.com/rss/articles/CBMiWWh0dHBzOi8vZmluYW5jZS55YWhvby5jb20vbmV3cy9taWNyb3NvZnQtY29ycG9yYXRpb24tbXNmdC1nZW5lcmF0ZWQtc3Ryb25nLTExMTgzNDE0MS5odG1s0gEA?oc=5&hl=en-MY&gl=MY&ceid=MY:en,"{'href': 'https://finance.yahoo.com', 'title': 'Yahoo Finance'}",MSFT
20,20,"Stocks making the biggest moves after hours: Microsoft, Alphabet, Snap, Teladoc and more - CNBC","Stocks making the biggest moves after hours: Microsoft, Alphabet, Snap, Teladoc and more  CNBC","Tue, 25 Jul 2023 07:00:00 GMT",https://news.google.com/rss/articles/CBMiZWh0dHBzOi8vd3d3LmNuYmMuY29tLzIwMjMvMDcvMjUvc3RvY2tzLW1ha2luZy10aGUtYmlnZ2VzdC1tb3Zlcy1hZnRlci1ob3Vycy1tc2Z0LWdvb2dsLXNuYXAtdGRvYy5odG1s0gFpaHR0cHM6Ly93d3cuY25iYy5jb20vYW1wLzIwMjMvMDcvMjUvc3RvY2tzLW1ha2luZy10aGUtYmlnZ2VzdC1tb3Zlcy1hZnRlci1ob3Vycy1tc2Z0LWdvb2dsLXNuYXAtdGRvYy5odG1s?oc=5&hl=en-MY&gl=MY&ceid=MY:en,"{'href': 'https://www.cnbc.com', 'title': 'CNBC'}",MSFT
21,21,Is Microsoft Stock (NASDAQ:MSFT) Overvalued Now Despite Exceptional Growth? - TipRanks.com - TipRanks,Is Microsoft Stock (NASDAQ:MSFT) Overvalued Now Despite Exceptional Growth? - TipRanks.com  TipRanks,"Fri, 04 Aug 2023 18:22:26 GMT",https://news.google.com/rss/articles/CBMibWh0dHBzOi8vd3d3LnRpcHJhbmtzLmNvbS9uZXdzL2FydGljbGUvaXMtbWljcm9zb2Z0LXN0b2NrLW5hc2RhcW1zZnQtb3ZlcnZhbHVlZC1ub3ctZGVzcGl0ZS1leGNlcHRpb25hbC1ncm93dGjSAQA?oc=5&hl=en-MY&gl=MY&ceid=MY:en,"{'href': 'https://www.tipranks.com', 'title': 'TipRanks'}",MSFT
22,22,"Microsoft - keep your filthy hands off Valve, leak shows MSFT would buy Valve - GamingOnLinux","Microsoft - keep your filthy hands off Valve, leak shows MSFT would buy Valve  GamingOnLinux","Fri, 22 Sep 2023 07:00:00 GMT",https://news.google.com/rss/articles/CBMiUWh0dHBzOi8vd3d3LmdhbWluZ29ubGludXguY29tLzIwMjMvMDkvbWljcm9zb2Z0LWtlZXAteW91ci1maWx0aHktaGFuZHMtb2ZmLXZhbHZlL9IBAA?oc=5&hl=en-MY&gl=MY&ceid=MY:en,"{'href': 'https://www.gamingonlinux.com', 'title': 'GamingOnLinux'}",MSFT
23,23,Why Amazon (AMZN) is a Buy After Microsoft's (MSFT) Earnings - Nasdaq,Why Amazon (AMZN) is a Buy After Microsoft's (MSFT) Earnings  Nasdaq,"Wed, 26 Jul 2023 07:00:00 GMT",https://news.google.com/rss/articles/CBMiV2h0dHBzOi8vd3d3Lm5hc2RhcS5jb20vYXJ0aWNsZXMvd2h5LWFtYXpvbi1hbXpuLWlzLWEtYnV5LWFmdGVyLW1pY3Jvc29mdHMtbXNmdC1lYXJuaW5nc9IBAA?oc=5&hl=en-MY&gl=MY&ceid=MY:en,"{'href': 'https://www.nasdaq.com', 'title': 'Nasdaq'}",MSFT
24,24,MSFT Stock Alert: Nancy Pelosi Has Made $12.5 MILLION on Microsoft in 2023 - InvestorPlace,MSFT Stock Alert: Nancy Pelosi Has Made $12.5 MILLION on Microsoft in 2023  InvestorPlace,"Thu, 20 Jul 2023 07:00:00 GMT",https://news.google.com/rss/articles/CBMia2h0dHBzOi8vaW52ZXN0b3JwbGFjZS5jb20vMjAyMy8wNy9tc2Z0LXN0b2NrLWFsZXJ0LW5hbmN5LXBlbG9zaS1oYXMtbWFkZS0xMi01LW1pbGxpb24tb24tbWljcm9zb2Z0LWluLTIwMjMv0gEA?oc=5&hl=en-MY&gl=MY&ceid=MY:en,"{'href': 'https://investorplace.com', 'title': 'InvestorPlace'}",MSFT
25,25,Microsoft (MSFT) Brings 365 Copilot Capabilities to Mayo Clinic - Yahoo Finance,Microsoft (MSFT) Brings 365 Copilot Capabilities to Mayo Clinic  Yahoo Finance,"Fri, 29 Sep 2023 07:00:00 GMT",https://news.google.com/rss/articles/CBMiT2h0dHBzOi8vZmluYW5jZS55YWhvby5jb20vbmV3cy9taWNyb3NvZnQtbXNmdC1icmluZ3MtMzY1LWNvcGlsb3QtMTUxNjAwMzU3Lmh0bWzSAQA?oc=5&hl=en-MY&gl=MY&ceid=MY:en,"{'href': 'https://finance.yahoo.com', 'title': 'Yahoo Finance'}",MSFT
26,26,Better Buy: Microsoft vs. Nvidia - The Motley Fool,Better Buy: Microsoft vs. Nvidia  The Motley Fool,"Thu, 28 Sep 2023 07:00:00 GMT",https://news.google.com/rss/articles/CBMiSWh0dHBzOi8vd3d3LmZvb2wuY29tL2ludmVzdGluZy8yMDIzLzA5LzI4L2JldHRlci1idXktbWljcm9zb2Z0LXZzLW52aWRpYS_SAQA?oc=5&hl=en-MY&gl=MY&ceid=MY:en,"{'href': 'https://www.fool.com', 'title': 'The Motley Fool'}",MSFT
27,27,Microsoft (MSFT) Sacks 276 Employees in Fresh Round of Layoffs - Yahoo Finance,Microsoft (MSFT) Sacks 276 Employees in Fresh Round of Layoffs  Yahoo Finance,"Tue, 11 Jul 2023 07:00:00 GMT",https://news.google.com/rss/articles/CBMiUGh0dHBzOi8vZmluYW5jZS55YWhvby5jb20vbmV3cy9taWNyb3NvZnQtbXNmdC1zYWNrcy0yNzYtZW1wbG95ZWVzLTE2MzkwMDc1OS5odG1s0gEA?oc=5&hl=en-MY&gl=MY&ceid=MY:en,"{'href': 'https://finance.yahoo.com', 'title': 'Yahoo Finance'}",MSFT
28,28,"Microsoft Shares Drop as Azure Growth Slows, AI Bet Yet To Pay Off - Investopedia","Microsoft Shares Drop as Azure Growth Slows, AI Bet Yet To Pay Off  Investopedia","Wed, 26 Jul 2023 07:00:00 GMT",https://news.google.com/rss/articles/CBMiZmh0dHBzOi8vd3d3LmludmVzdG9wZWRpYS5jb20vbWljcm9zb2Z0LXNoYXJlcy1kcm9wLWFzLWF6dXJlLWdyb3d0aC1zbG93cy1haS1iZXQteWV0LXRvLXBheS1vZmYtNzU2NTU3NtIBAA?oc=5&hl=en-MY&gl=MY&ceid=MY:en,"{'href': 'https://www.investopedia.com', 'title': 'Investopedia'}",MSFT
29,29,Microsoft Eyes Apple's Spot as World's Largest Stock - Bloomberg,Microsoft Eyes Apple's Spot as World's Largest Stock  Bloomberg,"Tue, 19 Sep 2023 07:00:00 GMT",https://news.google.com/rss/articles/CBMicmh0dHBzOi8vd3d3LmJsb29tYmVyZy5jb20vbmV3cy9hcnRpY2xlcy8yMDIzLTA5LTE5L21pY3Jvc29mdC1leWVzLWFwcGxlLXMtc3BvdC1hcy13b3JsZC1zLWxhcmdlc3Qtc3RvY2stdGVjaC13YXRjaNIBAA?oc=5&hl=en-MY&gl=MY&ceid=MY:en,"{'href': 'https://www.bloomberg.com', 'title': 'Bloomberg'}",MSFT
30,30,Microsoft (NASDAQ:MSFT) Plans to Build Its Own AI Models - TipRanks.com - TipRanks,Microsoft (NASDAQ:MSFT) Plans to Build Its Own AI Models - TipRanks.com  TipRanks,"Tue, 26 Sep 2023 20:00:28 GMT",https://news.google.com/rss/articles/CBMiWmh0dHBzOi8vd3d3LnRpcHJhbmtzLmNvbS9uZXdzL21pY3Jvc29mdC1uYXNkYXFtc2Z0LW1ha2luZy1haS1jaGFuZ2VzLWludmVzdG9ycy1ub3QtcGxlYXNlZNIBAA?oc=5&hl=en-MY&gl=MY&ceid=MY:en,"{'href': 'https://www.tipranks.com', 'title': 'TipRanks'}",MSFT
31,31,"MSFT, PATH, or NVDA: Which AI Stock is the Most Promising Pick? - TipRanks.com - TipRanks","MSFT, PATH, or NVDA: Which AI Stock is the Most Promising Pick? - TipRanks.com  TipRanks","Tue, 05 Sep 2023 04:27:39 GMT",https://news.google.com/rss/articles/CBMiYWh0dHBzOi8vd3d3LnRpcHJhbmtzLmNvbS9uZXdzL2FydGljbGUvbXNmdC1wYXRoLW9yLW52ZGEtd2hpY2gtYWktc3RvY2staXMtdGhlLW1vc3QtcHJvbWlzaW5nLXBpY2vSAQA?oc=5&hl=en-MY&gl=MY&ceid=MY:en,"{'href': 'https://www.tipranks.com', 'title': 'TipRanks'}",MSFT
32,32,Why We Like The Returns At Microsoft (NASDAQ:MSFT) - Yahoo Finance,Why We Like The Returns At Microsoft (NASDAQ:MSFT)  Yahoo Finance,"Sun, 10 Sep 2023 07:00:00 GMT",https://news.google.com/rss/articles/CBMiT2h0dHBzOi8vZmluYW5jZS55YWhvby5jb20vbmV3cy93aHktcmV0dXJucy1taWNyb3NvZnQtbmFzZGFxLW1zZnQtMTIwMDM3OTk2Lmh0bWzSAQA?oc=5&hl=en-MY&gl=MY&ceid=MY:en,"{'href': 'https://finance.yahoo.com', 'title': 'Yahoo Finance'}",MSFT
33,33,"HD, MSFT, or JNJ: Which Blue Chip Stock Earns Wall Street's “Strong Buy” Rating? - TipRanks.com - TipRanks","HD, MSFT, or JNJ: Which Blue Chip Stock Earns Wall Street's “Strong Buy” Rating? - TipRanks.com  TipRanks","Sat, 12 Aug 2023 13:54:40 GMT",https://news.google.com/rss/articles/CBMib2h0dHBzOi8vd3d3LnRpcHJhbmtzLmNvbS9uZXdzL2FydGljbGUvaGQtbXNmdC1vci1qbmotd2hpY2gtYmx1ZS1jaGlwLXN0b2NrLWVhcm5zLXdhbGwtc3RyZWV0cy1zdHJvbmctYnV5LXJhdGluZ9IBAA?oc=5&hl=en-MY&gl=MY&ceid=MY:en,"{'href': 'https://www.tipranks.com', 'title': 'TipRanks'}",MSFT
34,34,Microsoft CEO Satya Nadella's Payouts Top $1 Billion on 1000% MSFT Stock Rally - Bloomberg,Microsoft CEO Satya Nadella's Payouts Top $1 Billion on 1000% MSFT Stock Rally  Bloomberg,"Wed, 19 Jul 2023 07:00:00 GMT",https://news.google.com/rss/articles/CBMieWh0dHBzOi8vd3d3LmJsb29tYmVyZy5jb20vbmV3cy9hcnRpY2xlcy8yMDIzLTA3LTE5L21pY3Jvc29mdC1jZW8tbmFkZWxsYS1zLXBheW91dHMtdG9wLTEtYmlsbGlvbi1vbi0xLTAwMC1tc2Z0LXN0b2NrLWJvb23SAQA?oc=5&hl=en-MY&gl=MY&ceid=MY:en,"{'href': 'https://www.bloomberg.com', 'title': 'Bloomberg'}",MSFT
35,35,Microsoft Stock (NASDAQ:MSFT): ChatGPT Could Revolutionize Bing - TipRanks.com - TipRanks,Microsoft Stock (NASDAQ:MSFT): ChatGPT Could Revolutionize Bing - TipRanks.com  TipRanks,"Mon, 07 Aug 2023 18:58:06 GMT",https://news.google.com/rss/articles/CBMiYWh0dHBzOi8vd3d3LnRpcHJhbmtzLmNvbS9uZXdzL2FydGljbGUvbWljcm9zb2Z0LXN0b2NrLW5hc2RhcW1zZnQtY2hhdGdwdC1jb3VsZC1yZXZvbHV0aW9uaXplLWJpbmfSAQA?oc=5&hl=en-MY&gl=MY&ceid=MY:en,"{'href': 'https://www.tipranks.com', 'title': 'TipRanks'}",MSFT
36,36,Surf's Up! Ride the AI 'Tidal Wave' With Microsoft Stock. - InvestorPlace,Surf's Up! Ride the AI 'Tidal Wave' With Microsoft Stock.  InvestorPlace,"Wed, 23 Aug 2023 07:00:00 GMT",https://news.google.com/rss/articles/CBMiYWh0dHBzOi8vaW52ZXN0b3JwbGFjZS5jb20vbWFya2V0MzYwLzIwMjMvMDgvc3VyZnMtdXAtcmlkZS10aGUtYWktdGlkYWwtd2F2ZS13aXRoLW1pY3Jvc29mdC1zdG9jay_SAQA?oc=5&hl=en-MY&gl=MY&ceid=MY:en,"{'href': 'https://investorplace.com', 'title': 'InvestorPlace'}",MSFT
37,37,Earnings: Here’s everything you need to know about Microsoft’s Q4 results - AlphaStreet,Earnings: Here’s everything you need to know about Microsoft’s Q4 results  AlphaStreet,"Tue, 25 Jul 2023 07:00:00 GMT",https://news.google.com/rss/articles/CBMiZGh0dHBzOi8vbmV3cy5hbHBoYXN0cmVldC5jb20vZWFybmluZ3MtaGVyZXMtZXZlcnl0aGluZy15b3UtbmVlZC10by1rbm93LWFib3V0LW1pY3Jvc29mdHMtcTQtcmVzdWx0cy_SAQA?oc=5&hl=en-MY&gl=MY&ceid=MY:en,"{'href': 'https://news.alphastreet.com', 'title': 'AlphaStreet'}",MSFT
38,38,What's Going On With Microsoft Stock Friday? - Microsoft (NASDAQ:MSFT) - Benzinga,What's Going On With Microsoft Stock Friday? - Microsoft (NASDAQ:MSFT)  Benzinga,"Fri, 28 Jul 2023 07:00:00 GMT",https://news.google.com/rss/articles/CBMiV2h0dHBzOi8vd3d3LmJlbnppbmdhLmNvbS9uZXdzLzIzLzA3LzMzNDQ2Nzk2L3doYXRzLWdvaW5nLW9uLXdpdGgtbWljcm9zb2Z0LXN0b2NrLWZyaWRhedIBLWh0dHBzOi8vd3d3LmJlbnppbmdhLmNvbS9hbXAvY29udGVudC8zMzQ0Njc5Ng?oc=5&hl=en-MY&gl=MY&ceid=MY:en,"{'href': 'https://www.benzinga.com', 'title': 'Benzinga'}",MSFT
39,39,Bear Call Spread Play Puts $90 In Your Pocket Right Now - Investor's Business Daily,Bear Call Spread Play Puts $90 In Your Pocket Right Now  Investor's Business Daily,"Mon, 25 Sep 2023 07:00:00 GMT",https://news.google.com/rss/articles/CBMihgFodHRwczovL3d3dy5pbnZlc3RvcnMuY29tL3Jlc2VhcmNoL29wdGlvbnMvbXNmdC1zdG9jay10b2RheS1taWNyb3NvZnQtc3RvY2stYmVhcmlzaC1jYWxsLXNwcmVhZC1wbGF5LXB1dHMtOTAtaW4teW91ci1wb2NrZXQtcmlnaHQtbm93L9IBAA?oc=5&hl=en-MY&gl=MY&ceid=MY:en,"{'href': 'https://www.investors.com', 'title': ""Investor's Business Daily""}",MSFT
40,40,MSFT Earnings Today; Will AI Pump Up this Stock? - TipRanks.com - TipRanks,MSFT Earnings Today; Will AI Pump Up this Stock? - TipRanks.com  TipRanks,"Mon, 24 Jul 2023 06:29:24 GMT",https://news.google.com/rss/articles/CBMiXWh0dHBzOi8vd3d3LnRpcHJhbmtzLmNvbS9uZXdzL2FydGljbGUvbXNmdC1lYXJuaW5ncy1wcmV2aWV3LWhlcmVzLXdoYXQtdG8tZXhwZWN0LWluLWZpc2NhbC1xNNIBAA?oc=5&hl=en-MY&gl=MY&ceid=MY:en,"{'href': 'https://www.tipranks.com', 'title': 'TipRanks'}",MSFT
41,41,Former Microsoft CEO Steve Ballmer Is Worth $120 Billion - Observer,Former Microsoft CEO Steve Ballmer Is Worth $120 Billion  Observer,"Tue, 25 Jul 2023 07:00:00 GMT",https://news.google.com/rss/articles/CBMiP2h0dHBzOi8vb2JzZXJ2ZXIuY29tLzIwMjMvMDcvbWljcm9zb2Z0LXN0ZXZlLWJhbGxtZXItbmV0LXdvcnRoL9IBAA?oc=5&hl=en-MY&gl=MY&ceid=MY:en,"{'href': 'https://observer.com', 'title': 'Observer'}",MSFT
42,42,"GOOGL, MSFT, or NFLX: Which Tech Stock is the Best Pick After Recent Results? - TipRanks.com - TipRanks","GOOGL, MSFT, or NFLX: Which Tech Stock is the Best Pick After Recent Results? - TipRanks.com  TipRanks","Fri, 28 Jul 2023 21:46:18 GMT",https://news.google.com/rss/articles/CBMib2h0dHBzOi8vd3d3LnRpcHJhbmtzLmNvbS9uZXdzL2FydGljbGUvZ29vZ2wtbXNmdC1vci1uZmx4LXdoaWNoLXRlY2gtc3RvY2staXMtdGhlLWJlc3QtcGljay1hZnRlci1yZWNlbnQtcmVzdWx0c9IBAA?oc=5&hl=en-MY&gl=MY&ceid=MY:en,"{'href': 'https://www.tipranks.com', 'title': 'TipRanks'}",MSFT
43,43,MSFT Stock Hits New Record High - TipRanks.com - TipRanks,MSFT Stock Hits New Record High - TipRanks.com  TipRanks,"Tue, 18 Jul 2023 16:53:17 GMT",https://news.google.com/rss/articles/CBMiUWh0dHBzOi8vd3d3LnRpcHJhbmtzLmNvbS9uZXdzL2NvcGlsb3QtcHJpY2luZy1zZW5kcy1tc2Z0LXN0b2NrLXRvLW5ldy1yZWNvcmQtaGlnaNIBAA?oc=5&hl=en-MY&gl=MY&ceid=MY:en,"{'href': 'https://www.tipranks.com', 'title': 'TipRanks'}",MSFT
44,44,"HP, Microsoft And 2 Other Stocks Insiders Are Selling - Microsoft (NASDAQ:MSFT), HP (NYSE:HPQ) - Benzinga","HP, Microsoft And 2 Other Stocks Insiders Are Selling - Microsoft (NASDAQ:MSFT), HP (NYSE:HPQ)  Benzinga","Thu, 03 Aug 2023 07:00:00 GMT",https://news.google.com/rss/articles/CBMiYWh0dHBzOi8vd3d3LmJlbnppbmdhLmNvbS9uZXdzLzIzLzA4LzMzNTQ1OTkyL2hwLW1pY3Jvc29mdC1hbmQtMi1vdGhlci1zdG9ja3MtaW5zaWRlcnMtYXJlLXNlbGxpbmfSAS1odHRwczovL3d3dy5iZW56aW5nYS5jb20vYW1wL2NvbnRlbnQvMzM1NDU5OTI?oc=5&hl=en-MY&gl=MY&ceid=MY:en,"{'href': 'https://www.benzinga.com', 'title': 'Benzinga'}",MSFT
45,45,Microsoft shares fall after earnings report as analysts process a delayed A.I. ramp - CNBC,Microsoft shares fall after earnings report as analysts process a delayed A.I. ramp  CNBC,"Wed, 26 Jul 2023 07:00:00 GMT",https://news.google.com/rss/articles/CBMiX2h0dHBzOi8vd3d3LmNuYmMuY29tLzIwMjMvMDcvMjYvbWljcm9zb2Z0LXN0b2NrLWZhbGxzLWFzLWFuYWx5c3RzLWRpZ2VzdC1hLWRlbGF5ZWQtYWktcmFtcC5odG1s0gFjaHR0cHM6Ly93d3cuY25iYy5jb20vYW1wLzIwMjMvMDcvMjYvbWljcm9zb2Z0LXN0b2NrLWZhbGxzLWFzLWFuYWx5c3RzLWRpZ2VzdC1hLWRlbGF5ZWQtYWktcmFtcC5odG1s?oc=5&hl=en-MY&gl=MY&ceid=MY:en,"{'href': 'https://www.cnbc.com', 'title': 'CNBC'}",MSFT
46,46,"META, MSFT, NVDA: 3 Buzzing Reddit Stocks Analysts Love - TipRanks.com - TipRanks","META, MSFT, NVDA: 3 Buzzing Reddit Stocks Analysts Love - TipRanks.com  TipRanks","Thu, 27 Jul 2023 07:00:00 GMT",https://news.google.com/rss/articles/CBMiWmh0dHBzOi8vd3d3LnRpcHJhbmtzLmNvbS9uZXdzL2FydGljbGUvbWV0YS1tc2Z0LW52ZGEtMy1idXp6aW5nLXJlZGRpdC1zdG9ja3MtYW5hbHlzdHMtbG92ZdIBAA?oc=5&hl=en-MY&gl=MY&ceid=MY:en,"{'href': 'https://www.tipranks.com', 'title': 'TipRanks'}",MSFT
47,47,"MSFT: Microsoft Won't Gatekeep Activision Titles for the Next 15 Years, New Deal Claims - TradingView","MSFT: Microsoft Won't Gatekeep Activision Titles for the Next 15 Years, New Deal Claims  TradingView","Tue, 22 Aug 2023 07:00:00 GMT",https://news.google.com/rss/articles/CBMikwFodHRwczovL3d3dy50cmFkaW5ndmlldy5jb20vbmV3cy90cmFkaW5ndmlldzoyMDk5MDhmOTkwOTRiOjAtbXNmdC1taWNyb3NvZnQtd29uLXQtZ2F0ZWtlZXAtYWN0aXZpc2lvbi10aXRsZXMtZm9yLXRoZS1uZXh0LTE1LXllYXJzLW5ldy1kZWFsLWNsYWltcy_SAQA?oc=5&hl=en-MY&gl=MY&ceid=MY:en,"{'href': 'https://www.tradingview.com', 'title': 'TradingView'}",MSFT
48,48,Microsoft Stock (NASDAQ:MSFT): Wall Street is Upbeat About Future Prospects - TipRanks.com - TipRanks,Microsoft Stock (NASDAQ:MSFT): Wall Street is Upbeat About Future Prospects - TipRanks.com  TipRanks,"Fri, 14 Jul 2023 03:08:14 GMT",https://news.google.com/rss/articles/CBMibWh0dHBzOi8vd3d3LnRpcHJhbmtzLmNvbS9uZXdzL2FydGljbGUvbWljcm9zb2Z0LXN0b2NrLW5hc2RhcW1zZnQtd2FsbC1zdHJlZXQtaXMtdXBiZWF0LWFib3V0LWZ1dHVyZS1wcm9zcGVjdHPSAQA?oc=5&hl=en-MY&gl=MY&ceid=MY:en,"{'href': 'https://www.tipranks.com', 'title': 'TipRanks'}",MSFT
49,49,Microsoft Takes Subtle Approach to Shifting Windows Into AI Era - Bloomberg,Microsoft Takes Subtle Approach to Shifting Windows Into AI Era  Bloomberg,"Mon, 28 Aug 2023 07:00:00 GMT",https://news.google.com/rss/articles/CBMiemh0dHBzOi8vd3d3LmJsb29tYmVyZy5jb20vbmV3cy9uZXdzbGV0dGVycy8yMDIzLTA4LTI4L21pY3Jvc29mdC1tc2Z0LXRha2VzLXN1YnRsZS1hcHByb2FjaC10by1zaGlmdGluZy13aW5kb3dzLWludG8tYWktZXJh0gEA?oc=5&hl=en-MY&gl=MY&ceid=MY:en,"{'href': 'https://www.bloomberg.com', 'title': 'Bloomberg'}",MSFT
50,50,"Microsoft (NASDAQ:MSFT) Lags Google in Search By Miles, Despite AI Push - TipRanks.com - TipRanks","Microsoft (NASDAQ:MSFT) Lags Google in Search By Miles, Despite AI Push - TipRanks.com  TipRanks","Fri, 18 Aug 2023 09:41:19 GMT",https://news.google.com/rss/articles/CBMiYWh0dHBzOi8vd3d3LnRpcHJhbmtzLmNvbS9uZXdzL21pY3Jvc29mdC1uYXNkYXFtc2Z0LWxhZ3MtZ29vZ2xlLWluLXNlYXJjaC1ieS1taWxlcy1kZXNwaXRlLWFpLXB1c2jSAQA?oc=5&hl=en-MY&gl=MY&ceid=MY:en,"{'href': 'https://www.tipranks.com', 'title': 'TipRanks'}",MSFT
51,51,Falling Wedge in Microsoft for NASDAQ:MSFT by TradeStation - TradingView,Falling Wedge in Microsoft for NASDAQ:MSFT by TradeStation  TradingView,"Mon, 14 Aug 2023 07:00:00 GMT",https://news.google.com/rss/articles/CBMiS2h0dHBzOi8vd3d3LnRyYWRpbmd2aWV3LmNvbS9jaGFydC9NU0ZUL21tQUVydDc3LUZhbGxpbmctV2VkZ2UtaW4tTWljcm9zb2Z0L9IBAA?oc=5&hl=en-MY&gl=MY&ceid=MY:en,"{'href': 'https://www.tradingview.com', 'title': 'TradingView'}",MSFT
52,52,Microsoft-Backed Rubrik (MSFT) Eyes 2023 IPO - Bloomberg,Microsoft-Backed Rubrik (MSFT) Eyes 2023 IPO  Bloomberg,"Fri, 01 Sep 2023 07:00:00 GMT",https://news.google.com/rss/articles/CBMibGh0dHBzOi8vd3d3LmJsb29tYmVyZy5jb20vbmV3cy9hcnRpY2xlcy8yMDIzLTA5LTAxL21pY3Jvc29mdC1iYWNrZWQtcnVicmlrLWFpbXMtZm9yLWlwby1hcy1zb29uLWFzLXRoaXMteWVhctIBAA?oc=5&hl=en-MY&gl=MY&ceid=MY:en,"{'href': 'https://www.bloomberg.com', 'title': 'Bloomberg'}",MSFT
53,53,"Microsoft Announces $30 AI Subscription, Doubles Down On AI Partnerships - Investopedia","Microsoft Announces $30 AI Subscription, Doubles Down On AI Partnerships  Investopedia","Tue, 18 Jul 2023 07:00:00 GMT",https://news.google.com/rss/articles/CBMibmh0dHBzOi8vd3d3LmludmVzdG9wZWRpYS5jb20vbWljcm9zb2Z0LWFubm91bmNlcy11c2QzMC1haS1zdWJzY3JpcHRpb24tZG91Ymxlcy1kb3duLW9uLWFpLXBhcnRuZXJzaGlwcy03NTYyNTA10gEA?oc=5&hl=en-MY&gl=MY&ceid=MY:en,"{'href': 'https://www.investopedia.com', 'title': 'Investopedia'}",MSFT
54,54,"Microsoft-Activision (MSFT, ATVI) Deal Odds Almost Double After Court Nod - Bloomberg","Microsoft-Activision (MSFT, ATVI) Deal Odds Almost Double After Court Nod  Bloomberg","Tue, 11 Jul 2023 07:00:00 GMT",https://news.google.com/rss/articles/CBMicWh0dHBzOi8vd3d3LmJsb29tYmVyZy5jb20vbmV3cy9hcnRpY2xlcy8yMDIzLTA3LTExL21pY3Jvc29mdC1hY3RpdmlzaW9uLWRlYWwtb2Rkcy1hbG1vc3QtZG91YmxlLWFmdGVyLWdyZWVuLWxpZ2h00gEA?oc=5&hl=en-MY&gl=MY&ceid=MY:en,"{'href': 'https://www.bloomberg.com', 'title': 'Bloomberg'}",MSFT
55,55,Activision (ATVI) Extends Microsoft (MSFT) Takeover Deal Deadline to Oct. 18 - Bloomberg,Activision (ATVI) Extends Microsoft (MSFT) Takeover Deal Deadline to Oct. 18  Bloomberg,"Wed, 19 Jul 2023 07:00:00 GMT",https://news.google.com/rss/articles/CBMicGh0dHBzOi8vd3d3LmJsb29tYmVyZy5jb20vbmV3cy9hcnRpY2xlcy8yMDIzLTA3LTE5L2FjdGl2aXNpb24tZ2l2ZXMtbWljcm9zb2Z0LW1vcmUtdGltZS10by1jbG9zZS02OS1iaWxsaW9uLWRlYWzSAQA?oc=5&hl=en-MY&gl=MY&ceid=MY:en,"{'href': 'https://www.bloomberg.com', 'title': 'Bloomberg'}",MSFT
56,56,Microsoft Sees Artificial Intelligence and Nuclear Energy as Dynamic Duo - Bloomberg,Microsoft Sees Artificial Intelligence and Nuclear Energy as Dynamic Duo  Bloomberg,"Fri, 29 Sep 2023 07:00:00 GMT",https://news.google.com/rss/articles/CBMigwFodHRwczovL3d3dy5ibG9vbWJlcmcuY29tL25ld3MvbmV3c2xldHRlcnMvMjAyMy0wOS0yOS9taWNyb3NvZnQtbXNmdC1zZWVzLWFydGlmaWNpYWwtaW50ZWxsaWdlbmNlLWFuZC1udWNsZWFyLWVuZXJneS1hcy1keW5hbWljLWR1b9IBAA?oc=5&hl=en-MY&gl=MY&ceid=MY:en,"{'href': 'https://www.bloomberg.com', 'title': 'Bloomberg'}",MSFT
57,57,Microsoft (MSFT) Q4 2023 earnings results beat EPS & revenue expectations - Shacknews,Microsoft (MSFT) Q4 2023 earnings results beat EPS & revenue expectations  Shacknews,"Tue, 25 Jul 2023 07:00:00 GMT",https://news.google.com/rss/articles/CBMiUGh0dHBzOi8vd3d3LnNoYWNrbmV3cy5jb20vYXJ0aWNsZS8xMzYzOTQvbWljcm9zb2Z0LW1zZnQtcTQtMjAyMy1lYXJuaW5ncy1yZXN1bHRz0gFaaHR0cHM6Ly93d3cuc2hhY2tuZXdzLmNvbS9hcnRpY2xlLzEzNjM5NC9taWNyb3NvZnQtbXNmdC1xNC0yMDIzLWVhcm5pbmdzLXJlc3VsdHM_YW1waHRtbD0x?oc=5&hl=en-MY&gl=MY&ceid=MY:en,"{'href': 'https://www.shacknews.com', 'title': 'Shacknews'}",MSFT
58,58,Why Isn't Microsoft in Warren Buffett's Portfolio? - The Motley Fool,Why Isn't Microsoft in Warren Buffett's Portfolio?  The Motley Fool,"Wed, 09 Aug 2023 07:00:00 GMT",https://news.google.com/rss/articles/CBMiWmh0dHBzOi8vd3d3LmZvb2wuY29tL2ludmVzdGluZy8yMDIzLzA4LzA5L3doeS1pc250LW1pY3Jvc29mdC1pbi13YXJyZW4tYnVmZmV0dHMtcG9ydGZvbGlvL9IBAA?oc=5&hl=en-MY&gl=MY&ceid=MY:en,"{'href': 'https://www.fool.com', 'title': 'The Motley Fool'}",MSFT
59,59,Microsoft (NASDAQ:MSFT)-Activision Deal: U.K. Regulator Calls for Public Opinion - TipRanks.com - TipRanks,Microsoft (NASDAQ:MSFT)-Activision Deal: U.K. Regulator Calls for Public Opinion - TipRanks.com  TipRanks,"Mon, 31 Jul 2023 07:00:00 GMT",https://news.google.com/rss/articles/CBMiaWh0dHBzOi8vd3d3LnRpcHJhbmtzLmNvbS9uZXdzL21pY3Jvc29mdC1uYXNkYXFtc2Z0LWFjdGl2aXNpb24tZGVhbC11LWstcmVndWxhdG9yLWNhbGxzLWZvci1wdWJsaWMtb3BpbmlvbtIBAA?oc=5&hl=en-MY&gl=MY&ceid=MY:en,"{'href': 'https://www.tipranks.com', 'title': 'TipRanks'}",MSFT
60,60,Microsoft (NASDAQ:MSFT) Discovers ChatGPT is No Substitute for Cancer Doctors - TipRanks.com - TipRanks,Microsoft (NASDAQ:MSFT) Discovers ChatGPT is No Substitute for Cancer Doctors - TipRanks.com  TipRanks,"Thu, 24 Aug 2023 07:00:00 GMT",https://news.google.com/rss/articles/CBMiaGh0dHBzOi8vd3d3LnRpcHJhbmtzLmNvbS9uZXdzL21pY3Jvc29mdC1uYXNkYXFtc2Z0LWRpc2NvdmVycy1jaGF0Z3B0LWlzLW5vLXN1YnN0aXR1dGUtZm9yLWNhbmNlci1kb2N0b3Jz0gEA?oc=5&hl=en-MY&gl=MY&ceid=MY:en,"{'href': 'https://www.tipranks.com', 'title': 'TipRanks'}",MSFT
61,61,What's Going On With Microsoft Shares - Microsoft (NASDAQ:MSFT) - Benzinga,What's Going On With Microsoft Shares - Microsoft (NASDAQ:MSFT)  Benzinga,"Mon, 10 Jul 2023 07:00:00 GMT",https://news.google.com/rss/articles/CBMiUWh0dHBzOi8vd3d3LmJlbnppbmdhLmNvbS9uZXdzLzIzLzA3LzMzMTcxNjkyL3doYXRzLWdvaW5nLW9uLXdpdGgtbWljcm9zb2Z0LXNoYXJlc9IBLWh0dHBzOi8vd3d3LmJlbnppbmdhLmNvbS9hbXAvY29udGVudC8zMzE3MTY5Mg?oc=5&hl=en-MY&gl=MY&ceid=MY:en,"{'href': 'https://www.benzinga.com', 'title': 'Benzinga'}",MSFT
62,62,Better Bull Market Buy: Microsoft vs. Alphabet Stock - The Motley Fool,Better Bull Market Buy: Microsoft vs. Alphabet Stock  The Motley Fool,"Fri, 21 Jul 2023 07:00:00 GMT",https://news.google.com/rss/articles/CBMiXWh0dHBzOi8vd3d3LmZvb2wuY29tL2ludmVzdGluZy8yMDIzLzA3LzIxL2JldHRlci1idWxsLW1hcmtldC1idXktbWljcm9zb2Z0LXZzLWFscGhhYmV0LXN0b2NrL9IBAA?oc=5&hl=en-MY&gl=MY&ceid=MY:en,"{'href': 'https://www.fool.com', 'title': 'The Motley Fool'}",MSFT
63,63,What's Going On With Activision Blizzard (ATVI) Stock Today - Microsoft (NASDAQ:MSFT) - Benzinga,What's Going On With Activision Blizzard (ATVI) Stock Today - Microsoft (NASDAQ:MSFT)  Benzinga,"Tue, 22 Aug 2023 07:00:00 GMT",https://news.google.com/rss/articles/CBMihQFodHRwczovL3d3dy5iZW56aW5nYS5jb20vZ292ZXJubWVudC8yMy8wOC8zMzk3Nzc3MS9taWNyb3NvZnQtbW9kaWZpZXMtYWN0aXZpc2lvbi1ibGl6emFyZC1wdXJjaGFzZS1hZnRlci11ay1yZWd1bGF0b3J5LXNldGJhY2stcmVwb3J00gEtaHR0cHM6Ly93d3cuYmVuemluZ2EuY29tL2FtcC9jb250ZW50LzMzOTc3Nzcx?oc=5&hl=en-MY&gl=MY&ceid=MY:en,"{'href': 'https://www.benzinga.com', 'title': 'Benzinga'}",MSFT
64,64,Microsoft Boosts Its Dividend Again. Here's How High the Payout Could Get Over the Next 20 Years - The Motley Fool,Microsoft Boosts Its Dividend Again. Here's How High the Payout Could Get Over the Next 20 Years  The Motley Fool,"Fri, 29 Sep 2023 07:00:00 GMT",https://news.google.com/rss/articles/CBMiWmh0dHBzOi8vd3d3LmZvb2wuY29tL2ludmVzdGluZy8yMDIzLzA5LzI5L21pY3Jvc29mdC1ib29zdHMtZGl2aWRlbmQtYWdhaW4taG93LWhpZ2gtcGF5b3V0L9IBAA?oc=5&hl=en-MY&gl=MY&ceid=MY:en,"{'href': 'https://www.fool.com', 'title': 'The Motley Fool'}",MSFT
65,65,What's Going On With Microsoft Stock? - Microsoft (NASDAQ:MSFT) - Benzinga,What's Going On With Microsoft Stock? - Microsoft (NASDAQ:MSFT)  Benzinga,"Thu, 21 Sep 2023 07:00:00 GMT",https://news.google.com/rss/articles/CBMic2h0dHBzOi8vd3d3LmJlbnppbmdhLmNvbS9uZXdzLzIzLzA5LzM0Nzk1NTE0L21pY3Jvc29mdC1haS1hbm5vdW5jZW1lbnQtZHJpdmVzLXN0b2NrLWhpZ2hlci1ob3ctY29waWxvdC13aWxsLXJvbGxvdXTSAS1odHRwczovL3d3dy5iZW56aW5nYS5jb20vYW1wL2NvbnRlbnQvMzQ3OTU1MTQ?oc=5&hl=en-MY&gl=MY&ceid=MY:en,"{'href': 'https://www.benzinga.com', 'title': 'Benzinga'}",MSFT
66,66,Where Will Microsoft Stock Be in 3 Years? - The Motley Fool,Where Will Microsoft Stock Be in 3 Years?  The Motley Fool,"Wed, 23 Aug 2023 07:00:00 GMT",https://news.google.com/rss/articles/CBMiU2h0dHBzOi8vd3d3LmZvb2wuY29tL2ludmVzdGluZy8yMDIzLzA4LzIzL3doZXJlLXdpbGwtbWljcm9zb2Z0LXN0b2NrLWJlLWluLTMteWVhcnMv0gEA?oc=5&hl=en-MY&gl=MY&ceid=MY:en,"{'href': 'https://www.fool.com', 'title': 'The Motley Fool'}",MSFT
67,67,MSFT Stock Gains as Wedbush Expects $3T Market Cap - TipRanks.com - TipRanks,MSFT Stock Gains as Wedbush Expects $3T Market Cap - TipRanks.com  TipRanks,"Wed, 05 Jul 2023 20:19:38 GMT",https://news.google.com/rss/articles/CBMiT2h0dHBzOi8vd3d3LnRpcHJhbmtzLmNvbS9uZXdzL21zZnQtc3RvY2stZ2FpbnMtYXMtd2VkYnVzaC1leHBlY3RzLTN0LW1hcmtldC1jYXDSAQA?oc=5&hl=en-MY&gl=MY&ceid=MY:en,"{'href': 'https://www.tipranks.com', 'title': 'TipRanks'}",MSFT
68,68,What's Going On With Microsoft Shares - Microsoft (NASDAQ:MSFT) - Benzinga,What's Going On With Microsoft Shares - Microsoft (NASDAQ:MSFT)  Benzinga,"Wed, 02 Aug 2023 07:00:00 GMT",https://news.google.com/rss/articles/CBMiUWh0dHBzOi8vd3d3LmJlbnppbmdhLmNvbS9uZXdzLzIzLzA4LzMzNTI2Mjg5L3doYXRzLWdvaW5nLW9uLXdpdGgtbWljcm9zb2Z0LXNoYXJlc9IBLWh0dHBzOi8vd3d3LmJlbnppbmdhLmNvbS9hbXAvY29udGVudC8zMzUyNjI4OQ?oc=5&hl=en-MY&gl=MY&ceid=MY:en,"{'href': 'https://www.benzinga.com', 'title': 'Benzinga'}",MSFT
69,69,Teladoc Health Partners with MSFT to Automate Clinical Documentation - TipRanks.com - TipRanks,Teladoc Health Partners with MSFT to Automate Clinical Documentation - TipRanks.com  TipRanks,"Tue, 18 Jul 2023 14:14:14 GMT",https://news.google.com/rss/articles/CBMiYmh0dHBzOi8vd3d3LnRpcHJhbmtzLmNvbS9uZXdzL3RlbGFkb2MtaGVhbHRoLXBhcnRuZXJzLXdpdGgtbXNmdC10by1hdXRvbWF0ZS1jbGluaWNhbC1kb2N1bWVudGF0aW9u0gEA?oc=5&hl=en-MY&gl=MY&ceid=MY:en,"{'href': 'https://www.tipranks.com', 'title': 'TipRanks'}",MSFT
70,70,Microsoft Is a Great Dividend Stock and Just Boosted Its Payout - The Motley Fool,Microsoft Is a Great Dividend Stock and Just Boosted Its Payout  The Motley Fool,"Thu, 21 Sep 2023 07:00:00 GMT",https://news.google.com/rss/articles/CBMiXWh0dHBzOi8vd3d3LmZvb2wuY29tL2ludmVzdGluZy8yMDIzLzA5LzIxL21pY3Jvc29mdC1pcy1hLWdyZWF0LWRpdmlkZW5kLXN0b2NrLWFuZC1qdXN0LWJvb3N0L9IBAA?oc=5&hl=en-MY&gl=MY&ceid=MY:en,"{'href': 'https://www.fool.com', 'title': 'The Motley Fool'}",MSFT
71,71,"META, GOOGL, MSFT: How Will AI Investments Affect Their Earnings This Week? - TipRanks.com - TipRanks","META, GOOGL, MSFT: How Will AI Investments Affect Their Earnings This Week? - TipRanks.com  TipRanks","Mon, 24 Jul 2023 20:59:45 GMT",https://news.google.com/rss/articles/CBMibWh0dHBzOi8vd3d3LnRpcHJhbmtzLmNvbS9uZXdzL2FydGljbGUvbWV0YS1nb29nbC1tc2Z0LWhvdy13aWxsLWFpLWludmVzdG1lbnRzLWFmZmVjdC10aGVpci1lYXJuaW5ncy10aGlzLXdlZWvSAQA?oc=5&hl=en-MY&gl=MY&ceid=MY:en,"{'href': 'https://www.tipranks.com', 'title': 'TipRanks'}",MSFT
72,72,Is Microsoft Stock a Buy Now? - The Motley Fool,Is Microsoft Stock a Buy Now?  The Motley Fool,"Tue, 11 Jul 2023 07:00:00 GMT",https://news.google.com/rss/articles/CBMiR2h0dHBzOi8vd3d3LmZvb2wuY29tL2ludmVzdGluZy8yMDIzLzA3LzExL2lzLW1pY3Jvc29mdC1zdG9jay1hLWJ1eS1ub3cv0gEA?oc=5&hl=en-MY&gl=MY&ceid=MY:en,"{'href': 'https://www.fool.com', 'title': 'The Motley Fool'}",MSFT
73,73,Is Microsoft Stock a Buy Now? - The Motley Fool,Is Microsoft Stock a Buy Now?  The Motley Fool,"Sat, 16 Sep 2023 07:00:00 GMT",https://news.google.com/rss/articles/CBMiR2h0dHBzOi8vd3d3LmZvb2wuY29tL2ludmVzdGluZy8yMDIzLzA5LzE2L2lzLW1pY3Jvc29mdC1zdG9jay1hLWJ1eS1ub3cv0gEA?oc=5&hl=en-MY&gl=MY&ceid=MY:en,"{'href': 'https://www.fool.com', 'title': 'The Motley Fool'}",MSFT
74,74,Microsoft (NASDAQ: MSFT) Receives Surprise Upgrade from Analyst - TipRanks.com - TipRanks,Microsoft (NASDAQ: MSFT) Receives Surprise Upgrade from Analyst - TipRanks.com  TipRanks,"Mon, 25 Sep 2023 14:39:37 GMT",https://news.google.com/rss/articles/CBMiZGh0dHBzOi8vd3d3LnRpcHJhbmtzLmNvbS9uZXdzL21pY3Jvc29mdHMtbmFzZGFxLW1zZnQtZ2VuZXJhdGl2ZS1haS1wb3dlci1yZXN1bHRzLWluLXN1cnByaXNlLXVwZ3JhZGXSAQA?oc=5&hl=en-MY&gl=MY&ceid=MY:en,"{'href': 'https://www.tipranks.com', 'title': 'TipRanks'}",MSFT
75,75,Microsoft Keeps Dropping. Here's Why You Should Buy the Dip. - The Motley Fool,Microsoft Keeps Dropping. Here's Why You Should Buy the Dip.  The Motley Fool,"Tue, 08 Aug 2023 07:00:00 GMT",https://news.google.com/rss/articles/CBMiXGh0dHBzOi8vd3d3LmZvb2wuY29tL2ludmVzdGluZy8yMDIzLzA4LzA4L21pY3Jvc29mdC1rZWVwcy1kcm9wcGluZy1oZXJlcy13aHkteW91LXNob3VsZC1idXkv0gEA?oc=5&hl=en-MY&gl=MY&ceid=MY:en,"{'href': 'https://www.fool.com', 'title': 'The Motley Fool'}",MSFT
76,76,Better Buy: Apple Stock vs. Microsoft Stock - The Motley Fool,Better Buy: Apple Stock vs. Microsoft Stock  The Motley Fool,"Thu, 20 Jul 2023 07:00:00 GMT",https://news.google.com/rss/articles/CBMiVGh0dHBzOi8vd3d3LmZvb2wuY29tL2ludmVzdGluZy8yMDIzLzA3LzIwL2JldHRlci1idXktYXBwbGUtc3RvY2stdnMtbWljcm9zb2Z0LXN0b2NrL9IBAA?oc=5&hl=en-MY&gl=MY&ceid=MY:en,"{'href': 'https://www.fool.com', 'title': 'The Motley Fool'}",MSFT
77,77,Microsoft (MSFT) Shares Surpass Average Analyst Price Target - Bloomberg,Microsoft (MSFT) Shares Surpass Average Analyst Price Target  Bloomberg,"Tue, 18 Jul 2023 07:00:00 GMT",https://news.google.com/rss/articles/CBMicWh0dHBzOi8vd3d3LmJsb29tYmVyZy5jb20vbmV3cy9hcnRpY2xlcy8yMDIzLTA3LTE4L21pY3Jvc29mdC1oYXNuLXQtY2F1Z2h0LXdhbGwtc3RyZWV0LXRoaXMtb2ZmLWd1YXJkLWluLWEtZGVjYWRl0gEA?oc=5&hl=en-MY&gl=MY&ceid=MY:en,"{'href': 'https://www.bloomberg.com', 'title': 'Bloomberg'}",MSFT
78,78,Better Buy: Amazon Stock vs. Microsoft Stock - The Motley Fool,Better Buy: Amazon Stock vs. Microsoft Stock  The Motley Fool,"Thu, 14 Sep 2023 07:00:00 GMT",https://news.google.com/rss/articles/CBMiSWh0dHBzOi8vd3d3LmZvb2wuY29tL2ludmVzdGluZy8yMDIzLzA5LzE0L2JldHRlci1idXktYW1hem9uLXZzLW1pY3Jvc29mdC_SAQA?oc=5&hl=en-MY&gl=MY&ceid=MY:en,"{'href': 'https://www.fool.com', 'title': 'The Motley Fool'}",MSFT
79,79,"FTC Leaning Toward Appealing Microsoft-Activision (MSFT, ATVI) Court Loss - Bloomberg","FTC Leaning Toward Appealing Microsoft-Activision (MSFT, ATVI) Court Loss  Bloomberg","Tue, 11 Jul 2023 07:00:00 GMT",https://news.google.com/rss/articles/CBMiaWh0dHBzOi8vd3d3LmJsb29tYmVyZy5jb20vbmV3cy9hcnRpY2xlcy8yMDIzLTA3LTExL2Z0Yy1sZWFuaW5nLXRvd2FyZC1hcHBlYWxpbmctbWljcm9zb2Z0LWFjdGl2aXNpb24tbG9zc9IBAA?oc=5&hl=en-MY&gl=MY&ceid=MY:en,"{'href': 'https://www.bloomberg.com', 'title': 'Bloomberg'}",MSFT
80,80,MSFT and Activision Deal Could Close Later Than Planned - TipRanks,MSFT and Activision Deal Could Close Later Than Planned  TipRanks,"Tue, 18 Jul 2023 07:00:00 GMT",https://news.google.com/rss/articles/CBMiVWh0dHBzOi8vd3d3LnRpcHJhbmtzLmNvbS9uZXdzL21zZnQtYW5kLWFjdGl2aXNpb24tZGVhbC1jb3VsZC1jbG9zZS1sYXRlci10aGFuLXBsYW5uZWTSAQA?oc=5&hl=en-MY&gl=MY&ceid=MY:en,"{'href': 'https://www.tipranks.com', 'title': 'TipRanks'}",MSFT
81,81,Microsoft Launches New Employee Rating System For Performance Reviews - Microsoft (NASDAQ:MSFT) - Benzinga,Microsoft Launches New Employee Rating System For Performance Reviews - Microsoft (NASDAQ:MSFT)  Benzinga,"Thu, 07 Sep 2023 07:00:00 GMT",https://news.google.com/rss/articles/CBMicmh0dHBzOi8vd3d3LmJlbnppbmdhLmNvbS9uZXdzLzIzLzA5LzM0MzA4NTgyL21pY3Jvc29mdC1sYXVuY2hlcy1uZXctZW1wbG95ZWUtcmF0aW5nLXN5c3RlbS1mb3ItcGVyZm9ybWFuY2UtcmV2aWV3c9IBAA?oc=5&hl=en-MY&gl=MY&ceid=MY:en,"{'href': 'https://www.benzinga.com', 'title': 'Benzinga'}",MSFT
82,82,Microsoft Set To Roll Out Its AI Assistant Next Week - Investopedia,Microsoft Set To Roll Out Its AI Assistant Next Week  Investopedia,"Thu, 21 Sep 2023 07:00:00 GMT",https://news.google.com/rss/articles/CBMiWGh0dHBzOi8vd3d3LmludmVzdG9wZWRpYS5jb20vbWljcm9zb2Z0LXNldC10by1yb2xsLW91dC1pdHMtYWktY29waWxvdC1vbi1zZXB0LTI2LTc5NzMwMzXSAQA?oc=5&hl=en-MY&gl=MY&ceid=MY:en,"{'href': 'https://www.investopedia.com', 'title': 'Investopedia'}",MSFT
83,83,Is a Big Dividend Hike Coming for Microsoft's Stock? - The Motley Fool,Is a Big Dividend Hike Coming for Microsoft's Stock?  The Motley Fool,"Wed, 16 Aug 2023 07:00:00 GMT",https://news.google.com/rss/articles/CBMiXGh0dHBzOi8vd3d3LmZvb2wuY29tL2ludmVzdGluZy8yMDIzLzA4LzE2L2lzLWEtYmlnLWRpdmlkZW5kLWhpa2UtY29taW5nLWZvci1taWNyb3NvZnQtc3RvY2sv0gEA?oc=5&hl=en-MY&gl=MY&ceid=MY:en,"{'href': 'https://www.fool.com', 'title': 'The Motley Fool'}",MSFT
84,84,Microsoft Internal Polls Leak Exposes Employee Discontent - Microsoft (NASDAQ:MSFT) - Benzinga,Microsoft Internal Polls Leak Exposes Employee Discontent - Microsoft (NASDAQ:MSFT)  Benzinga,"Fri, 28 Jul 2023 07:00:00 GMT",https://news.google.com/rss/articles/CBMikAFodHRwczovL3d3dy5iZW56aW5nYS5jb20vbmV3cy8yMy8wNy8zMzQ1MzI2OS9taWNyb3NvZnQtaW50ZXJuYWwtcG9sbHMtbGVhay1leHBvc2VzLWVtcGxveWVlLWRpc2NvbnRlbnQtd2l0aC1jdWx0dXJlLWFuZC1sZWFkZXJzaGlwLWl0cy1ub3QtcmlnaHTSAS1odHRwczovL3d3dy5iZW56aW5nYS5jb20vYW1wL2NvbnRlbnQvMzM0NTMyNjk?oc=5&hl=en-MY&gl=MY&ceid=MY:en,"{'href': 'https://www.benzinga.com', 'title': 'Benzinga'}",MSFT
85,85,'Magnificent Seven' playbook: Microsoft's outlook amid AI investments - Yahoo Finance,'Magnificent Seven' playbook: Microsoft's outlook amid AI investments  Yahoo Finance,"Tue, 19 Sep 2023 07:00:00 GMT",https://news.google.com/rss/articles/CBMiXGh0dHBzOi8vZmluYW5jZS55YWhvby5jb20vdmlkZW8vbWFnbmlmaWNlbnQtc2V2ZW4tcGxheWJvb2stbWljcm9zb2Z0cy1vdXRsb29rLTIwNDYyNDEyOC5odG1s0gEA?oc=5&hl=en-MY&gl=MY&ceid=MY:en,"{'href': 'https://finance.yahoo.com', 'title': 'Yahoo Finance'}",MSFT
86,86,Here's how much a $10k investment in Microsoft stock in 2010 is now worth - Finbold - Finance in Bold,Here's how much a $10k investment in Microsoft stock in 2010 is now worth  Finbold - Finance in Bold,"Mon, 25 Sep 2023 07:00:00 GMT",https://news.google.com/rss/articles/CBMiXGh0dHBzOi8vZmluYm9sZC5jb20vaGVyZXMtaG93LW11Y2gtYS0xMGstaW52ZXN0bWVudC1pbi1taWNyb3NvZnQtc3RvY2staW4tMjAxMC1pcy1ub3ctd29ydGgv0gEA?oc=5&hl=en-MY&gl=MY&ceid=MY:en,"{'href': 'https://finbold.com', 'title': 'Finbold - Finance in Bold'}",MSFT
